Year Code,Age Group,Sex Code,Deaths,Population
1968.0,< 1 year,F,32237,1705238
1968.0,< 1 year,M,44026,1796326
1968.0,< 1 year,T,76263,3501564
1968.0,1-4 years,F,5761,7140000
1968.0,1-4 years,M,7277,7407000
1968.0,1-4 years,T,13038,14547000
1968.0,5-9 years,F,3674,10024000
1968.0,5-9 years,M,5401,10390000
1968.0,5-9 years,T,9075,20414000
1968.0,10-14 years,F,3016,9990000
1968.0,10-14 years,M,5451,10367000
1968.0,10-14 years,T,8467,20357000
1968.0,15-19 years,F,5436,9013000
1968.0,15-19 years,M,14231,9177000
1968.0,15-19 years,T,19667,18190000
1968.0,20-24 years,F,5751,7847000
1968.0,20-24 years,M,15722,7208000
1968.0,20-24 years,T,21473,15055000
1968.0,25-34 years,F,12448,12114000
1968.0,25-34 years,M,24801,11588000
1968.0,25-34 years,T,37249,23702000
1968.0,35-44 years,F,28880,12123000
1968.0,35-44 years,M,46550,11465000
1968.0,35-44 years,T,75430,23588000
1968.0,45-54 years,F,62056,11733000
1968.0,45-54 years,M,108706,10995000
1968.0,45-54 years,T,170762,22728000
1968.0,55-64 years,F,106987,9500000
1968.0,55-64 years,M,201289,8587000
1968.0,55-64 years,T,308276,18087000
1968.0,65-74 years,F,182610,6812000
1968.0,65-74 years,M,270936,5366000
1968.0,65-74 years,T,453546,12178000
1968.0,75-84 years,F,246331,3530000
1968.0,75-84 years,M,246799,2416000
1968.0,75-84 years,T,493130,5946000
1968.0,85+ years,F,147400,800000
1968.0,85+ years,M,95621,440000
1968.0,85+ years,T,243021,1240000
1968.0,Not Stated,F,275,Not Applicable
1968.0,Not Stated,M,410,Not Applicable
1968.0,Not Stated,T,685,Not Applicable
1969.0,< 1 year,F,31793,1753634
1969.0,< 1 year,M,43280,1846572
1969.0,< 1 year,T,75073,3600206
1969.0,1-4 years,F,5498,6852000
1969.0,1-4 years,M,6792,7111000
1969.0,1-4 years,T,12290,13963000
1969.0,5-9 years,F,3566,9932000
1969.0,5-9 years,M,5335,10310000
1969.0,5-9 years,T,8901,20242000
1969.0,10-14 years,F,3135,10128000
1969.0,10-14 years,M,5395,10513000
1969.0,10-14 years,T,8530,20641000
1969.0,15-19 years,F,5825,9234000
1969.0,15-19 years,M,15316,9387000
1969.0,15-19 years,T,21141,18621000
1969.0,20-24 years,F,6093,8187000
1969.0,20-24 years,M,17188,7580000
1969.0,20-24 years,T,23281,15767000
1969.0,25-34 years,F,12789,12464000
1969.0,25-34 years,M,25935,11942000
1969.0,25-34 years,T,38724,24406000
1969.0,35-44 years,F,28316,11947000
1969.0,35-44 years,M,46394,11295000
1969.0,35-44 years,T,74710,23242000
1969.0,45-54 years,F,61076,11906000
1969.0,45-54 years,M,107548,11112000
1969.0,45-54 years,T,168624,23018000
1969.0,55-64 years,F,105939,9678000
1969.0,55-64 years,M,199565,8711000
1969.0,55-64 years,T,305504,18389000
1969.0,65-74 years,F,180578,6905000
1969.0,65-74 years,M,266286,5396000
1969.0,65-74 years,T,446864,12301000
1969.0,75-84 years,F,246015,3631000
1969.0,75-84 years,M,245666,2440000
1969.0,75-84 years,T,491681,6071000
1969.0,85+ years,F,150182,848000
1969.0,85+ years,M,95819,459000
1969.0,85+ years,T,246001,1307000
1969.0,Not Stated,F,259,Not Applicable
1969.0,Not Stated,M,407,Not Applicable
1969.0,Not Stated,T,666,Not Applicable
1970.0,< 1 year,F,31820,1816008
1970.0,< 1 year,M,42847,1915378
1970.0,< 1 year,T,74667,3731386
1970.0,1-4 years,F,5054,6701476
1970.0,1-4 years,M,6494,6967584
1970.0,1-4 years,T,11548,13669060
1970.0,5-9 years,F,3347,9787751
1970.0,5-9 years,M,5054,10168496
1970.0,5-9 years,T,8401,19956247
1970.0,10-14 years,F,3009,10198731
1970.0,10-14 years,M,5437,10590737
1970.0,10-14 years,T,8446,20789468
1970.0,15-19 years,F,5822,9436501
1970.0,15-19 years,M,15207,9633847
1970.0,15-19 years,T,21029,19070348
1970.0,20-24 years,F,6363,8453752
1970.0,20-24 years,M,17869,7917269
1970.0,20-24 years,T,24232,16371021
1970.0,25-34 years,F,12894,12690072
1970.0,25-34 years,M,26299,12217357
1970.0,25-34 years,T,39193,24907429
1970.0,35-44 years,F,27399,11856569
1970.0,35-44 years,M,45218,11231236
1970.0,35-44 years,T,72617,23087805
1970.0,45-54 years,F,62176,12020707
1970.0,45-54 years,M,107341,11199250
1970.0,45-54 years,T,169517,23219957
1970.0,55-64 years,F,107662,9797019
1970.0,55-64 years,M,200711,8792793
1970.0,55-64 years,T,308373,18589812
1970.0,65-74 years,F,180536,6998372
1970.0,65-74 years,M,264995,5437084
1970.0,65-74 years,T,445531,12435456
1970.0,75-84 years,F,245930,3682900
1970.0,75-84 years,M,243873,2436245
1970.0,75-84 years,T,489803,6119145
1970.0,85+ years,F,150295,968522
1970.0,85+ years,M,96660,542379
1970.0,85+ years,T,246955,1510901
1970.0,Not Stated,F,246,Not Applicable
1970.0,Not Stated,M,473,Not Applicable
1970.0,Not Stated,T,719,Not Applicable
1971.0,< 1 year,F,28883,1733060
1971.0,< 1 year,M,39098,1822910
1971.0,< 1 year,T,67981,3555970
1971.0,1-4 years,F,4934,6689000
1971.0,1-4 years,M,6297,6954000
1971.0,1-4 years,T,11231,13643000
1971.0,5-9 years,F,3304,9510000
1971.0,5-9 years,M,4851,9886000
1971.0,5-9 years,T,8155,19396000
1971.0,10-14 years,F,3108,10346000
1971.0,10-14 years,M,5317,10749000
1971.0,10-14 years,T,8425,21095000
1971.0,15-19 years,F,6048,9740000
1971.0,15-19 years,M,15696,9975000
1971.0,15-19 years,T,21744,19715000
1971.0,20-24 years,F,6563,9027000
1971.0,20-24 years,M,18889,8676000
1971.0,20-24 years,T,25452,17703000
1971.0,25-34 years,F,13141,13097000
1971.0,25-34 years,M,26991,12673000
1971.0,25-34 years,T,40132,25770000
1971.0,35-44 years,F,26609,11727000
1971.0,35-44 years,M,43714,11151000
1971.0,35-44 years,T,70323,22878000
1971.0,45-54 years,F,61341,12179000
1971.0,45-54 years,M,105558,11325000
1971.0,45-54 years,T,166899,23504000
1971.0,55-64 years,F,107893,10013000
1971.0,55-64 years,M,198776,8949000
1971.0,55-64 years,T,306669,18962000
1971.0,65-74 years,F,178278,7146000
1971.0,65-74 years,M,263495,5537000
1971.0,65-74 years,T,441773,12683000
1971.0,75-84 years,F,250091,3879000
1971.0,75-84 years,M,246687,2512000
1971.0,75-84 years,T,496778,6391000
1971.0,85+ years,F,159725,977000
1971.0,85+ years,M,101497,510000
1971.0,85+ years,T,261222,1487000
1971.0,Not Stated,F,292,Not Applicable
1971.0,Not Stated,M,466,Not Applicable
1971.0,Not Stated,T,758,Not Applicable
1972.0,< 1 year,F,25472,1588484
1972.0,< 1 year,M,34710,1669927
1972.0,< 1 year,T,60182,3258411
1972.0,1-4 years,F,4800,6757000
1972.0,1-4 years,M,6294,7039000
1972.0,1-4 years,T,11094,13796000
1972.0,5-9 years,F,3202,9241000
1972.0,5-9 years,M,4482,9606000
1972.0,5-9 years,T,7684,18847000
1972.0,10-14 years,F,3102,10347000
1972.0,10-14 years,M,5418,10752000
1972.0,10-14 years,T,8520,21099000
1972.0,15-19 years,F,6092,9988000
1972.0,15-19 years,M,16226,10236000
1972.0,15-19 years,T,22318,20224000
1972.0,20-24 years,F,6620,9021000
1972.0,20-24 years,M,19400,8845000
1972.0,20-24 years,T,26020,17866000
1972.0,25-34 years,F,13482,13920000
1972.0,25-34 years,M,28426,13543000
1972.0,25-34 years,T,41908,27463000
1972.0,35-44 years,F,25882,11659000
1972.0,35-44 years,M,42910,11120000
1972.0,35-44 years,T,68792,22779000
1972.0,45-54 years,F,60878,12271000
1972.0,45-54 years,M,107344,11403000
1972.0,45-54 years,T,168222,23674000
1972.0,55-64 years,F,108966,10160000
1972.0,55-64 years,M,202556,9051000
1972.0,55-64 years,T,311522,19211000
1972.0,65-74 years,F,184126,7295000
1972.0,65-74 years,M,270884,5627000
1972.0,65-74 years,T,455010,12922000
1972.0,75-84 years,F,257912,4006000
1972.0,75-84 years,M,253708,2550000
1972.0,75-84 years,T,511620,6556000
1972.0,85+ years,F,167048,1020000
1972.0,85+ years,M,103466,522000
1972.0,85+ years,T,270514,1542000
1972.0,Not Stated,F,164,Not Applicable
1972.0,Not Stated,M,374,Not Applicable
1972.0,Not Stated,T,538,Not Applicable
1973.0,< 1 year,F,23595,1528639
1973.0,< 1 year,M,31986,1608326
1973.0,< 1 year,T,55581,3136965
1973.0,1-4 years,F,4665,6720000
1973.0,1-4 years,M,6178,7003000
1973.0,1-4 years,T,10843,13723000
1973.0,5-9 years,F,3052,8961000
1973.0,5-9 years,M,4462,9318000
1973.0,5-9 years,T,7514,18279000
1973.0,10-14 years,F,2988,10310000
1973.0,10-14 years,M,5480,10720000
1973.0,10-14 years,T,8468,21030000
1973.0,15-19 years,F,6185,10193000
1973.0,15-19 years,M,16723,10453000
1973.0,15-19 years,T,22908,20646000
1973.0,20-24 years,F,6593,9198000
1973.0,20-24 years,M,19956,9075000
1973.0,20-24 years,T,26549,18273000
1973.0,25-34 years,F,13601,14570000
1973.0,25-34 years,M,30116,14217000
1973.0,25-34 years,T,43717,28787000
1973.0,35-44 years,F,25127,11629000
1973.0,35-44 years,M,42160,11111000
1973.0,35-44 years,T,67287,22740000
1973.0,45-54 years,F,60745,12336000
1973.0,45-54 years,M,105271,11461000
1973.0,45-54 years,T,166016,23797000
1973.0,55-64 years,F,109801,10285000
1973.0,55-64 years,M,200776,9142000
1973.0,55-64 years,T,310577,19427000
1973.0,65-74 years,F,182602,7491000
1973.0,65-74 years,M,272059,5755000
1973.0,65-74 years,T,454661,13246000
1973.0,75-84 years,F,260926,4103000
1973.0,75-84 years,M,253310,2567000
1973.0,75-84 years,T,514236,6670000
1973.0,85+ years,F,176139,1069000
1973.0,85+ years,M,107961,538000
1973.0,85+ years,T,284100,1607000
1973.0,Not Stated,F,189,Not Applicable
1973.0,Not Stated,M,357,Not Applicable
1973.0,Not Stated,T,546,Not Applicable
1974.0,< 1 year,F,22471,1537844
1974.0,< 1 year,M,30305,1622114
1974.0,< 1 year,T,52776,3159958
1974.0,1-4 years,F,4244,6569000
1974.0,1-4 years,M,5587,6852000
1974.0,1-4 years,T,9831,13421000
1974.0,5-9 years,F,2613,8730000
1974.0,5-9 years,M,4014,9075000
1974.0,5-9 years,T,6627,17805000
1974.0,10-14 years,F,2859,10243000
1974.0,10-14 years,M,5150,10668000
1974.0,10-14 years,T,8009,20911000
1974.0,15-19 years,F,5753,10349000
1974.0,15-19 years,M,16229,10629000
1974.0,15-19 years,T,21982,20978000
1974.0,20-24 years,F,6321,9415000
1974.0,20-24 years,M,19500,9344000
1974.0,20-24 years,T,25821,18759000
1974.0,25-34 years,F,13485,15211000
1974.0,25-34 years,M,29983,14861000
1974.0,25-34 years,T,43468,30072000
1974.0,35-44 years,F,23641,11633000
1974.0,35-44 years,M,39758,11123000
1974.0,35-44 years,T,63399,22756000
1974.0,45-54 years,F,58340,12336000
1974.0,45-54 years,M,102393,11465000
1974.0,45-54 years,T,160733,23801000
1974.0,55-64 years,F,107672,10447000
1974.0,55-64 years,M,194525,9265000
1974.0,55-64 years,T,302197,19712000
1974.0,65-74 years,F,180689,7685000
1974.0,65-74 years,M,269772,5890000
1974.0,65-74 years,T,450461,13575000
1974.0,75-84 years,F,255077,4196000
1974.0,75-84 years,M,245162,2585000
1974.0,75-84 years,T,500239,6781000
1974.0,85+ years,F,179419,1141000
1974.0,85+ years,M,108913,565000
1974.0,85+ years,T,288332,1706000
1974.0,Not Stated,F,177,Not Applicable
1974.0,Not Stated,M,336,Not Applicable
1974.0,Not Stated,T,513,Not Applicable
1975.0,< 1 year,F,21713,1531063
1975.0,< 1 year,M,28812,1613135
1975.0,< 1 year,T,50525,3144198
1975.0,1-4 years,F,3974,6342000
1975.0,1-4 years,M,5086,6627000
1975.0,1-4 years,T,9060,12969000
1975.0,5-9 years,F,2468,8623000
1975.0,5-9 years,M,3717,8972000
1975.0,5-9 years,T,6185,17595000
1975.0,10-14 years,F,2560,10112000
1975.0,10-14 years,M,4734,10534000
1975.0,10-14 years,T,7294,20646000
1975.0,15-19 years,F,5630,10465000
1975.0,15-19 years,M,15637,10757000
1975.0,15-19 years,T,21267,21222000
1975.0,20-24 years,F,6407,9677000
1975.0,20-24 years,M,19871,9640000
1975.0,20-24 years,T,26278,19317000
1975.0,25-34 years,F,13244,15833000
1975.0,25-34 years,M,30796,15482000
1975.0,25-34 years,T,44040,31315000
1975.0,35-44 years,F,22256,11631000
1975.0,35-44 years,M,38436,11129000
1975.0,35-44 years,T,60692,22760000
1975.0,45-54 years,F,56025,12307000
1975.0,45-54 years,M,98317,11441000
1975.0,45-54 years,T,154342,23748000
1975.0,55-64 years,F,105622,10629000
1975.0,55-64 years,M,190102,9416000
1975.0,55-64 years,T,295724,20045000
1975.0,65-74 years,F,176300,7880000
1975.0,65-74 years,M,266196,6037000
1975.0,65-74 years,T,442496,13917000
1975.0,75-84 years,F,248332,4324000
1975.0,75-84 years,M,241126,2634000
1975.0,75-84 years,T,489458,6958000
1975.0,85+ years,F,177357,1227000
1975.0,85+ years,M,107720,594000
1975.0,85+ years,T,285077,1821000
1975.0,Not Stated,F,172,Not Applicable
1975.0,Not Stated,M,269,Not Applicable
1975.0,Not Stated,T,441,Not Applicable
1976.0,< 1 year,F,20945,1543352
1976.0,< 1 year,M,27320,1624436
1976.0,< 1 year,T,48265,3167788
1976.0,1-4 years,F,3691,6114000
1976.0,1-4 years,M,4915,6388000
1976.0,1-4 years,T,8606,12502000
1976.0,5-9 years,F,2408,8655000
1976.0,5-9 years,M,3626,9017000
1976.0,5-9 years,T,6034,17672000
1976.0,10-14 years,F,2425,9837000
1976.0,10-14 years,M,4442,10251000
1976.0,10-14 years,T,6867,20088000
1976.0,15-19 years,F,5560,10582000
1976.0,15-19 years,M,15001,10896000
1976.0,15-19 years,T,20561,21478000
1976.0,20-24 years,F,6268,9901000
1976.0,20-24 years,M,19252,9893000
1976.0,20-24 years,T,25520,19794000
1976.0,25-34 years,F,13267,16474000
1976.0,25-34 years,M,30162,16131000
1976.0,25-34 years,T,43429,32605000
1976.0,35-44 years,F,21309,11764000
1976.0,35-44 years,M,37160,11267000
1976.0,35-44 years,T,58469,23031000
1976.0,45-54 years,F,54712,12236000
1976.0,45-54 years,M,95324,11379000
1976.0,45-54 years,T,150036,23615000
1976.0,55-64 years,F,106365,10812000
1976.0,55-64 years,M,189695,9573000
1976.0,55-64 years,T,296060,20385000
1976.0,65-74 years,F,176461,8062000
1976.0,65-74 years,M,267466,6175000
1976.0,65-74 years,T,443927,14237000
1976.0,75-84 years,F,252526,4455000
1976.0,75-84 years,M,244193,2690000
1976.0,75-84 years,T,496719,7145000
1976.0,85+ years,F,191353,1290000
1976.0,85+ years,M,113119,606000
1976.0,85+ years,T,304472,1896000
1976.0,Not Stated,F,167,Not Applicable
1976.0,Not Stated,M,308,Not Applicable
1976.0,Not Stated,T,475,Not Applicable
1977.0,< 1 year,F,20100,1620716
1977.0,< 1 year,M,26875,1705916
1977.0,< 1 year,T,46975,3326632
1977.0,1-4 years,F,3587,6006000
1977.0,1-4 years,M,4720,6279000
1977.0,1-4 years,T,8307,12285000
1977.0,5-9 years,F,2278,8581000
1977.0,5-9 years,M,3556,8949000
1977.0,5-9 years,T,5834,17530000
1977.0,10-14 years,F,2401,9550000
1977.0,10-14 years,M,4344,9954000
1977.0,10-14 years,T,6745,19504000
1977.0,15-19 years,F,5870,10581000
1977.0,15-19 years,M,15573,10895000
1977.0,15-19 years,T,21443,21476000
1977.0,20-24 years,F,6496,10152000
1977.0,20-24 years,M,20047,10159000
1977.0,20-24 years,T,26543,20311000
1977.0,25-34 years,F,13355,17085000
1977.0,25-34 years,M,31578,16756000
1977.0,25-34 years,T,44933,33841000
1977.0,35-44 years,F,21157,11996000
1977.0,35-44 years,M,36952,11504000
1977.0,35-44 years,T,58109,23500000
1977.0,45-54 years,F,52991,12101000
1977.0,45-54 years,M,92132,11262000
1977.0,45-54 years,T,145123,23363000
1977.0,55-64 years,F,105852,11028000
1977.0,55-64 years,M,186820,9752000
1977.0,55-64 years,T,292672,20780000
1977.0,65-74 years,F,177565,8293000
1977.0,65-74 years,M,268030,6345000
1977.0,65-74 years,T,445595,14638000
1977.0,75-84 years,F,248659,4543000
1977.0,75-84 years,M,241939,2719000
1977.0,75-84 years,T,490598,7262000
1977.0,85+ years,F,192842,1365000
1977.0,85+ years,M,113309,627000
1977.0,85+ years,T,306151,1992000
1977.0,Not Stated,F,201,Not Applicable
1977.0,Not Stated,M,368,Not Applicable
1977.0,Not Stated,T,569,Not Applicable
1978.0,< 1 year,F,19857,1623885
1978.0,< 1 year,M,26088,1709394
1978.0,< 1 year,T,45945,3333279
1978.0,1-4 years,F,3563,6062000
1978.0,1-4 years,M,4866,6347000
1978.0,1-4 years,T,8429,12409000
1978.0,5-9 years,F,2297,8465000
1978.0,5-9 years,M,3352,8835000
1978.0,5-9 years,T,5649,17300000
1978.0,10-14 years,F,2239,9262000
1978.0,10-14 years,M,4142,9657000
1978.0,10-14 years,T,6381,18919000
1978.0,15-19 years,F,5734,10555000
1978.0,15-19 years,M,15466,10881000
1978.0,15-19 years,T,21200,21436000
1978.0,20-24 years,F,6749,10373000
1978.0,20-24 years,M,20551,10375000
1978.0,20-24 years,T,27300,20748000
1978.0,25-34 years,F,13614,17562000
1978.0,25-34 years,M,32208,17241000
1978.0,25-34 years,T,45822,34803000
1978.0,35-44 years,F,20957,12431000
1978.0,35-44 years,M,37212,11943000
1978.0,35-44 years,T,58169,24374000
1978.0,45-54 years,F,51784,11994000
1978.0,45-54 years,M,89611,11172000
1978.0,45-54 years,T,141395,23166000
1978.0,55-64 years,F,106343,11215000
1978.0,55-64 years,M,186508,9897000
1978.0,55-64 years,T,292851,21112000
1978.0,65-74 years,F,180626,8499000
1978.0,65-74 years,M,271633,6496000
1978.0,65-74 years,T,452259,14995000
1978.0,75-84 years,F,252932,4646000
1978.0,75-84 years,M,244394,2766000
1978.0,75-84 years,T,497326,7412000
1978.0,85+ years,F,205556,1443000
1978.0,85+ years,M,118741,652000
1978.0,85+ years,T,324297,2095000
1978.0,Not Stated,F,247,Not Applicable
1978.0,Not Stated,M,518,Not Applicable
1978.0,Not Stated,T,765,Not Applicable
1979.0,< 1 year,F,19685,1703131
1979.0,< 1 year,M,25980,1791267
1979.0,< 1 year,T,45665,3494398
1979.0,1-4 years,F,3517,6174000
1979.0,1-4 years,M,4591,6463000
1979.0,1-4 years,T,8108,12637000
1979.0,5-9 years,F,2099,8286000
1979.0,5-9 years,M,3179,8661000
1979.0,5-9 years,T,5278,16947000
1979.0,10-14 years,F,2105,9031000
1979.0,10-14 years,M,3763,9414000
1979.0,10-14 years,T,5868,18445000
1979.0,15-19 years,F,5538,10498000
1979.0,15-19 years,M,15547,10850000
1979.0,15-19 years,T,21085,21348000
1979.0,20-24 years,F,6580,10541000
1979.0,20-24 years,M,21054,10555000
1979.0,20-24 years,T,27634,21096000
1979.0,25-34 years,F,13595,18176000
1979.0,25-34 years,M,34346,17862000
1979.0,25-34 years,T,47941,36038000
1979.0,35-44 years,F,20666,12801000
1979.0,35-44 years,M,37057,12313000
1979.0,35-44 years,T,57723,25114000
1979.0,45-54 years,F,49062,11868000
1979.0,45-54 years,M,86203,11067000
1979.0,45-54 years,T,135265,22935000
1979.0,55-64 years,F,104678,11407000
1979.0,55-64 years,M,182288,10041000
1979.0,55-64 years,T,286966,21448000
1979.0,65-74 years,F,180084,8690000
1979.0,65-74 years,M,269171,6648000
1979.0,65-74 years,T,449255,15338000
1979.0,75-84 years,F,251360,4769000
1979.0,75-84 years,M,242316,2829000
1979.0,75-84 years,T,493676,7598000
1979.0,85+ years,F,209719,1521000
1979.0,85+ years,M,119006,676000
1979.0,85+ years,T,328725,2197000
1979.0,Not Stated,F,194,Not Applicable
1979.0,Not Stated,M,458,Not Applicable
1979.0,Not Stated,T,652,Not Applicable
1980.0,< 1 year,F,19722,1759642
1980.0,< 1 year,M,25804,1852616
1980.0,< 1 year,T,45526,3612258
1980.0,1-4 years,F,3426,6258891
1980.0,1-4 years,M,4761,6555671
1980.0,1-4 years,T,8187,12814562
1980.0,5-9 years,F,2086,8160876
1980.0,5-9 years,M,2989,8539080
1980.0,5-9 years,T,5075,16699956
1980.0,10-14 years,F,2043,8925908
1980.0,10-14 years,M,3571,9316221
1980.0,10-14 years,T,5614,18242129
1980.0,15-19 years,F,5526,10412715
1980.0,15-19 years,M,15207,10755409
1980.0,15-19 years,T,20733,21168124
1980.0,20-24 years,F,6598,10655473
1980.0,20-24 years,M,21696,10663231
1980.0,20-24 years,T,28294,21318704
1980.0,25-34 years,F,14200,18699936
1980.0,25-34 years,M,36040,18381903
1980.0,25-34 years,T,50240,37081839
1980.0,35-44 years,F,20806,13064991
1980.0,35-44 years,M,37612,12569719
1980.0,35-44 years,T,58418,25634710
1980.0,45-54 years,F,48685,11790868
1980.0,45-54 years,M,84472,11008919
1980.0,45-54 years,T,133157,22799787
1980.0,55-64 years,F,107919,11551120
1980.0,55-64 years,M,184262,10151755
1980.0,55-64 years,T,292181,21702875
1980.0,65-74 years,F,189250,8824103
1980.0,65-74 years,M,277371,6756502
1980.0,65-74 years,T,466621,15580605
1980.0,75-84 years,F,264492,4861867
1980.0,75-84 years,M,252765,2866888
1980.0,75-84 years,T,517257,7728755
1980.0,85+ years,F,229836,1558542
1980.0,85+ years,M,128134,681525
1980.0,85+ years,T,357970,2240067
1980.0,Not Stated,F,174,Not Applicable
1980.0,Not Stated,M,394,Not Applicable
1980.0,Not Stated,T,568,Not Applicable
1981.0,< 1 year,F,18853,1768966
1981.0,< 1 year,M,24452,1860272
1981.0,< 1 year,T,43305,3629238
1981.0,1-4 years,F,3446,6490885
1981.0,1-4 years,M,4600,6794394
1981.0,1-4 years,T,8046,13285279
1981.0,5-9 years,F,1850,7845656
1981.0,5-9 years,M,2821,8214465
1981.0,5-9 years,T,4671,16060121
1981.0,10-14 years,F,1972,8948747
1981.0,10-14 years,M,3435,9351660
1981.0,10-14 years,T,5407,18300407
1981.0,15-19 years,F,5025,10095868
1981.0,15-19 years,M,13460,10444689
1981.0,15-19 years,T,18485,20540557
1981.0,20-24 years,F,6389,10804949
1981.0,20-24 years,M,20235,10857895
1981.0,20-24 years,T,26624,21662844
1981.0,25-34 years,F,14514,19582346
1981.0,25-34 years,M,36739,19318175
1981.0,25-34 years,T,51253,38900521
1981.0,35-44 years,F,20633,13442887
1981.0,35-44 years,M,37905,12951503
1981.0,35-44 years,T,58538,26394390
1981.0,45-54 years,F,47363,11653224
1981.0,45-54 years,M,81870,10926311
1981.0,45-54 years,T,129233,22579535
1981.0,55-64 years,F,108124,11663739
1981.0,55-64 years,M,181885,10250084
1981.0,55-64 years,T,290009,21913823
1981.0,65-74 years,F,189098,9000646
1981.0,65-74 years,M,275550,6889224
1981.0,65-74 years,T,464648,15889870
1981.0,75-84 years,F,262128,5023449
1981.0,75-84 years,M,252521,2958303
1981.0,75-84 years,T,514649,7981752
1981.0,85+ years,F,234625,1648643
1981.0,85+ years,M,127874,700532
1981.0,85+ years,T,362499,2349175
1981.0,Not Stated,F,189,Not Applicable
1981.0,Not Stated,M,425,Not Applicable
1981.0,Not Stated,T,614,Not Applicable
1982.0,< 1 year,F,18328,1794861
1982.0,< 1 year,M,24073,1885676
1982.0,< 1 year,T,42401,3680537
1982.0,1-4 years,F,3462,6638542
1982.0,1-4 years,M,4448,6945717
1982.0,1-4 years,T,7910,13584259
1982.0,5-9 years,F,1828,7791204
1982.0,5-9 years,M,2686,8166741
1982.0,5-9 years,T,4514,15957945
1982.0,10-14 years,F,1874,8867238
1982.0,10-14 years,M,3237,9277340
1982.0,10-14 years,T,5111,18144578
1982.0,15-19 years,F,4517,9808532
1982.0,15-19 years,M,12524,10153152
1982.0,15-19 years,T,17041,19961684
1982.0,20-24 years,F,6078,10804754
1982.0,20-24 years,M,18852,10877379
1982.0,20-24 years,T,24930,21682133
1982.0,25-34 years,F,13948,19822196
1982.0,25-34 years,M,35362,19595060
1982.0,25-34 years,T,49310,39417256
1982.0,35-44 years,F,20650,14264293
1982.0,35-44 years,M,37655,13766057
1982.0,35-44 years,T,58305,28030350
1982.0,45-54 years,F,45082,11556574
1982.0,45-54 years,M,78007,10868735
1982.0,45-54 years,T,123089,22425309
1982.0,55-64 years,F,107692,11722330
1982.0,55-64 years,M,179322,10307563
1982.0,55-64 years,T,287014,22029893
1982.0,65-74 years,F,190462,9145145
1982.0,65-74 years,M,275358,7002755
1982.0,65-74 years,T,465820,16147900
1982.0,75-84 years,F,266022,5164276
1982.0,75-84 years,M,255937,3038598
1982.0,75-84 years,T,521959,8202874
1982.0,85+ years,F,238163,1720093
1982.0,85+ years,M,128564,716614
1982.0,85+ years,T,366727,2436707
1982.0,Not Stated,F,251,Not Applicable
1982.0,Not Stated,M,415,Not Applicable
1982.0,Not Stated,T,666,Not Applicable
1983.0,< 1 year,F,17658,1773380
1983.0,< 1 year,M,22969,1865553
1983.0,< 1 year,T,40627,3638933
1983.0,1-4 years,F,3289,6792063
1983.0,1-4 years,M,4512,7105636
1983.0,1-4 years,T,7801,13897699
1983.0,5-9 years,F,1727,7835186
1983.0,5-9 years,M,2532,8218065
1983.0,5-9 years,T,4259,16053251
1983.0,10-14 years,F,1761,8729904
1983.0,10-14 years,M,3123,9138622
1983.0,10-14 years,T,4884,17868526
1983.0,15-19 years,F,4355,9514903
1983.0,15-19 years,M,11362,9873058
1983.0,15-19 years,T,15717,19387961
1983.0,20-24 years,F,5880,10762107
1983.0,20-24 years,M,17485,10870176
1983.0,20-24 years,T,23365,21632283
1983.0,25-34 years,F,13934,20196644
1983.0,25-34 years,M,34848,20011113
1983.0,25-34 years,T,48782,40207757
1983.0,35-44 years,F,20961,14885248
1983.0,35-44 years,M,38388,14382059
1983.0,35-44 years,T,59349,29267307
1983.0,45-54 years,F,44495,11507048
1983.0,45-54 years,M,75398,10848423
1983.0,45-54 years,T,119893,22355471
1983.0,55-64 years,F,109132,11759260
1983.0,55-64 years,M,179808,10352622
1983.0,55-64 years,T,288940,22111882
1983.0,65-74 years,F,194706,9287321
1983.0,65-74 years,M,279674,7126115
1983.0,65-74 years,T,474380,16413436
1983.0,75-84 years,F,274457,5307864
1983.0,75-84 years,M,266761,3120938
1983.0,75-84 years,T,541218,8428802
1983.0,85+ years,F,254712,1786108
1983.0,85+ years,M,134651,732327
1983.0,85+ years,T,389363,2518435
1983.0,Not Stated,F,211,Not Applicable
1983.0,Not Stated,M,412,Not Applicable
1983.0,Not Stated,T,623,Not Applicable
1984.0,< 1 year,F,17221,1789651
1984.0,< 1 year,M,22359,1879490
1984.0,< 1 year,T,39580,3669141
1984.0,1-4 years,F,3230,6900287
1984.0,1-4 years,M,4142,7222717
1984.0,1-4 years,T,7372,14123004
1984.0,5-9 years,F,1660,7974670
1984.0,5-9 years,M,2480,8363255
1984.0,5-9 years,T,4140,16337925
1984.0,10-14 years,F,1831,8520132
1984.0,10-14 years,M,3105,8930143
1984.0,10-14 years,T,4936,17450275
1984.0,15-19 years,F,4285,9287144
1984.0,15-19 years,M,10928,9643487
1984.0,15-19 years,T,15213,18930631
1984.0,20-24 years,F,5872,10686729
1984.0,20-24 years,M,17732,10842654
1984.0,20-24 years,T,23604,21529383
1984.0,25-34 years,F,14161,20551865
1984.0,25-34 years,M,35767,20409888
1984.0,25-34 years,T,49928,40961753
1984.0,35-44 years,F,21969,15505540
1984.0,35-44 years,M,40587,14997393
1984.0,35-44 years,T,62556,30502933
1984.0,45-54 years,F,43382,11510370
1984.0,45-54 years,M,73831,10875053
1984.0,45-54 years,T,117213,22385423
1984.0,55-64 years,F,108739,11772191
1984.0,55-64 years,M,178616,10381976
1984.0,55-64 years,T,287355,22154167
1984.0,65-74 years,F,197192,9401244
1984.0,65-74 years,M,279378,7225345
1984.0,65-74 years,T,476570,16626589
1984.0,75-84 years,F,280475,5452349
1984.0,75-84 years,M,270437,3203928
1984.0,75-84 years,T,550912,8656277
1984.0,85+ years,F,262667,1847799
1984.0,85+ years,M,136799,746842
1984.0,85+ years,T,399466,2594641
1984.0,Not Stated,F,171,Not Applicable
1984.0,Not Stated,M,353,Not Applicable
1984.0,Not Stated,T,524,Not Applicable
1985.0,< 1 year,F,17072,1832578
1985.0,< 1 year,M,22958,1927983
1985.0,< 1 year,T,40030,3760561
1985.0,1-4 years,F,3098,6918279
1985.0,1-4 years,M,4241,7244701
1985.0,1-4 years,T,7339,14162980
1985.0,5-9 years,F,1738,8136717
1985.0,5-9 years,M,2430,8528140
1985.0,5-9 years,T,4168,16664857
1985.0,10-14 years,F,1710,8308864
1985.0,10-14 years,M,3055,8718569
1985.0,10-14 years,T,4765,17027433
1985.0,15-19 years,F,4237,9174206
1985.0,15-19 years,M,10831,9553032
1985.0,15-19 years,T,15068,18727238
1985.0,20-24 years,F,5536,10541496
1985.0,20-24 years,M,17331,10723109
1985.0,20-24 years,T,22867,21264605
1985.0,25-34 years,F,14498,20903468
1985.0,25-34 years,M,37354,20792955
1985.0,25-34 years,T,51852,41696423
1985.0,35-44 years,F,22321,16097038
1985.0,35-44 years,M,43494,15593976
1985.0,35-44 years,T,65815,31691014
1985.0,45-54 years,F,43314,11542762
1985.0,45-54 years,M,73320,10916542
1985.0,45-54 years,T,116634,22459304
1985.0,55-64 years,F,108769,11751158
1985.0,55-64 years,M,177711,10383963
1985.0,55-64 years,T,286480,22135121
1985.0,65-74 years,F,199629,9519833
1985.0,65-74 years,M,283017,7338827
1985.0,65-74 years,T,482646,16858660
1985.0,75-84 years,F,288976,5598128
1985.0,75-84 years,M,279872,3292119
1985.0,75-84 years,T,568848,8890247
1985.0,85+ years,F,277398,1905928
1985.0,85+ years,M,141653,761344
1985.0,85+ years,T,419051,2667272
1985.0,Not Stated,F,386,Not Applicable
1985.0,Not Stated,M,491,Not Applicable
1985.0,Not Stated,T,877,Not Applicable
1986.0,< 1 year,F,16667,1831679
1986.0,< 1 year,M,22224,1924868
1986.0,< 1 year,T,38891,3756547
1986.0,1-4 years,F,3218,6966601
1986.0,1-4 years,M,4262,7296348
1986.0,1-4 years,T,7480,14262949
1986.0,5-9 years,F,1645,8347837
1986.0,5-9 years,M,2437,8750561
1986.0,5-9 years,T,4082,17098398
1986.0,10-14 years,F,1640,8039045
1986.0,10-14 years,M,3066,8435189
1986.0,10-14 years,T,4706,16474234
1986.0,15-19 years,F,4438,9205787
1986.0,15-19 years,M,11786,9606788
1986.0,15-19 years,T,16224,18812575
1986.0,20-24 years,F,5657,10258416
1986.0,20-24 years,M,18048,10485643
1986.0,20-24 years,T,23705,20744059
1986.0,25-34 years,F,15304,21217620
1986.0,25-34 years,M,41226,21154090
1986.0,25-34 years,T,56530,42371710
1986.0,35-44 years,F,23470,16748457
1986.0,35-44 years,M,46923,16260538
1986.0,35-44 years,T,70393,33008995
1986.0,45-54 years,F,42822,11632806
1986.0,45-54 years,M,72339,11026121
1986.0,45-54 years,T,115161,22658927
1986.0,55-64 years,F,106698,11674307
1986.0,55-64 years,M,172331,10319584
1986.0,55-64 years,T,279029,21993891
1986.0,65-74 years,F,202493,9662377
1986.0,65-74 years,M,283046,7474882
1986.0,65-74 years,T,485539,17137259
1986.0,75-84 years,F,292318,5744885
1986.0,75-84 years,M,282831,3383405
1986.0,75-84 years,T,575149,9128290
1986.0,85+ years,F,284520,1963279
1986.0,85+ years,M,142953,778769
1986.0,85+ years,T,427473,2742048
1986.0,Not Stated,F,466,Not Applicable
1986.0,Not Stated,M,533,Not Applicable
1986.0,Not Stated,T,999,Not Applicable
1987.0,< 1 year,F,16610,1858241
1987.0,< 1 year,M,21798,1951153
1987.0,< 1 year,T,38408,3809394
1987.0,1-4 years,F,3212,7007197
1987.0,1-4 years,M,4261,7341730
1987.0,1-4 years,T,7473,14348927
1987.0,5-9 years,F,1665,8511896
1987.0,5-9 years,M,2636,8918362
1987.0,5-9 years,T,4301,17430258
1987.0,10-14 years,F,1499,7987344
1987.0,10-14 years,M,2943,8389502
1987.0,10-14 years,T,4442,16376846
1987.0,15-19 years,F,4362,9138902
1987.0,15-19 years,M,11253,9559404
1987.0,15-19 years,T,15615,18698306
1987.0,20-24 years,F,5430,9971218
1987.0,20-24 years,M,16978,10220330
1987.0,20-24 years,T,22408,20191548
1987.0,25-34 years,F,15968,21441678
1987.0,25-34 years,M,41733,21398934
1987.0,25-34 years,T,57701,42840612
1987.0,35-44 years,F,24114,17349528
1987.0,35-44 years,M,49349,16876881
1987.0,35-44 years,T,73463,34226409
1987.0,45-54 years,F,43063,11843525
1987.0,45-54 years,M,72857,11252355
1987.0,45-54 years,T,115920,23095880
1987.0,55-64 years,F,104922,11536984
1987.0,55-64 years,M,168402,10213704
1987.0,55-64 years,T,273324,21750688
1987.0,65-74 years,F,203046,9812004
1987.0,65-74 years,M,283057,7614676
1987.0,65-74 years,T,486103,17426680
1987.0,75-84 years,F,297384,5894563
1987.0,75-84 years,M,286951,3481893
1987.0,75-84 years,T,584335,9376456
1987.0,85+ years,F,293917,2024809
1987.0,85+ years,M,145331,798221
1987.0,85+ years,T,439248,2823030
1987.0,Not Stated,F,173,Not Applicable
1987.0,Not Stated,M,409,Not Applicable
1987.0,Not Stated,T,582,Not Applicable
1988.0,< 1 year,F,16903,1907086
1988.0,< 1 year,M,22007,2002424
1988.0,< 1 year,T,38910,3909510
1988.0,1-4 years,F,3208,7051157
1988.0,1-4 years,M,4221,7387732
1988.0,1-4 years,T,7429,14438889
1988.0,5-9 years,F,1783,8670823
1988.0,5-9 years,M,2574,9088479
1988.0,5-9 years,T,4357,17759302
1988.0,10-14 years,F,1661,8043473
1988.0,10-14 years,M,2907,8452764
1988.0,10-14 years,T,4568,16496237
1988.0,15-19 years,F,4344,9029012
1988.0,15-19 years,M,11687,9467329
1988.0,15-19 years,T,16031,18496341
1988.0,20-24 years,F,5292,9689480
1988.0,20-24 years,M,16844,9965057
1988.0,20-24 years,T,22136,19654537
1988.0,25-34 years,F,16152,21582974
1988.0,25-34 years,M,42985,21547159
1988.0,25-34 years,T,59137,43130133
1988.0,35-44 years,F,25020,17818057
1988.0,35-44 years,M,52434,17362379
1988.0,35-44 years,T,77454,35180436
1988.0,45-54 years,F,43557,12268198
1988.0,45-54 years,M,73915,11681050
1988.0,45-54 years,T,117472,23949248
1988.0,55-64 years,F,104381,11399649
1988.0,55-64 years,M,165368,10114072
1988.0,55-64 years,T,269749,21513721
1988.0,65-74 years,F,204644,9916415
1988.0,65-74 years,M,283901,7709890
1988.0,65-74 years,T,488545,17626305
1988.0,75-84 years,F,307193,6034290
1988.0,75-84 years,M,294721,3577752
1988.0,75-84 years,T,601914,9612042
1988.0,85+ years,F,308151,2075041
1988.0,85+ years,M,151559,810219
1988.0,85+ years,T,459710,2885260
1988.0,Not Stated,F,170,Not Applicable
1988.0,Not Stated,M,417,Not Applicable
1988.0,Not Stated,T,587,Not Applicable
1989.0,< 1 year,F,17294,1971468
1989.0,< 1 year,M,22361,2069490
1989.0,< 1 year,T,39655,4040958
1989.0,1-4 years,F,3182,7153514
1989.0,1-4 years,M,4110,7496118
1989.0,1-4 years,T,7292,14649632
1989.0,5-9 years,F,1803,8746388
1989.0,5-9 years,M,2510,9170405
1989.0,5-9 years,T,4313,17916793
1989.0,10-14 years,F,1687,8191011
1989.0,10-14 years,M,2914,8605825
1989.0,10-14 years,T,4601,16796836
1989.0,15-19 years,F,4307,8840332
1989.0,15-19 years,M,11263,9292771
1989.0,15-19 years,T,15570,18133103
1989.0,20-24 years,F,5016,9473382
1989.0,20-24 years,M,15902,9784274
1989.0,20-24 years,T,20918,19257656
1989.0,25-34 years,F,16370,21629965
1989.0,25-34 years,M,44154,21606423
1989.0,25-34 years,T,60524,43236388
1989.0,35-44 years,F,25591,18423038
1989.0,35-44 years,M,55328,17991414
1989.0,35-44 years,T,80919,36414452
1989.0,45-54 years,F,43443,12611528
1989.0,45-54 years,M,74823,12021662
1989.0,45-54 years,T,118266,24633190
1989.0,55-64 years,F,100449,11238141
1989.0,55-64 years,M,159609,10002857
1989.0,55-64 years,T,260058,21240998
1989.0,65-74 years,F,202818,10040330
1989.0,65-74 years,M,278406,7823772
1989.0,65-74 years,T,481224,17864102
1989.0,75-84 years,F,306536,6171797
1989.0,75-84 years,M,292670,3678113
1989.0,75-84 years,T,599206,9849910
1989.0,85+ years,F,307623,2136606
1989.0,85+ years,M,149735,831138
1989.0,85+ years,T,457358,2967744
1989.0,Not Stated,F,157,Not Applicable
1989.0,Not Stated,M,405,Not Applicable
1989.0,Not Stated,T,562,Not Applicable
1990.0,< 1 year,F,16495,2028717
1990.0,< 1 year,M,21856,2129495
1990.0,< 1 year,T,38351,4158212
1990.0,1-4 years,F,2962,7231049
1990.0,1-4 years,M,3969,7580624
1990.0,1-4 years,T,6931,14811673
1990.0,5-9 years,F,1632,8802747
1990.0,5-9 years,M,2363,9232031
1990.0,5-9 years,T,3995,18034778
1990.0,10-14 years,F,1677,8321669
1990.0,10-14 years,M,2764,8738800
1990.0,10-14 years,T,4441,17060469
1990.0,15-19 years,F,4040,8708877
1990.0,15-19 years,M,11671,9172834
1990.0,15-19 years,T,15711,17881711
1990.0,20-24 years,F,4820,9389027
1990.0,20-24 years,M,16202,9742551
1990.0,20-24 years,T,21022,19131578
1990.0,25-34 years,F,16034,21596410
1990.0,25-34 years,M,44057,21564316
1990.0,25-34 years,T,60091,43160726
1990.0,35-44 years,F,26100,18925115
1990.0,35-44 years,M,57462,18509652
1990.0,35-44 years,T,83562,37434767
1990.0,45-54 years,F,43954,12824349
1990.0,45-54 years,M,74654,12232301
1990.0,45-54 years,T,118608,25056650
1990.0,55-64 years,F,98050,11157583
1990.0,55-64 years,M,154646,9955069
1990.0,55-64 years,T,252696,21112652
1990.0,65-74 years,F,201882,10138681
1990.0,65-74 years,M,276067,7906814
1990.0,65-74 years,T,477949,18045495
1990.0,75-84 years,F,306033,6267250
1990.0,75-84 years,M,295406,3744725
1990.0,75-84 years,T,601439,10011975
1990.0,85+ years,F,311208,2180198
1990.0,85+ years,M,151897,841227
1990.0,85+ years,T,463105,3021425
1990.0,Not Stated,F,159,Not Applicable
1990.0,Not Stated,M,403,Not Applicable
1990.0,Not Stated,T,562,Not Applicable
1991.0,< 1 year,F,15758,2009389
1991.0,< 1 year,M,21008,2101518
1991.0,< 1 year,T,36766,4110907
1991.0,1-4 years,F,3169,7423708
1991.0,1-4 years,M,4045,7780558
1991.0,1-4 years,T,7214,15204266
1991.0,5-9 years,F,1634,8922051
1991.0,5-9 years,M,2292,9359079
1991.0,5-9 years,T,3926,18281130
1991.0,10-14 years,F,1573,8658916
1991.0,10-14 years,M,2980,9097039
1991.0,10-14 years,T,4553,17755955
1991.0,15-19 years,F,3955,8407309
1991.0,15-19 years,M,11358,8862971
1991.0,15-19 years,T,15313,17270280
1991.0,20-24 years,F,4948,9451344
1991.0,20-24 years,M,16191,9783081
1991.0,20-24 years,T,21139,19234425
1991.0,25-34 years,F,15919,21585110
1991.0,25-34 years,M,43709,21638892
1991.0,25-34 years,T,59628,43224002
1991.0,35-44 years,F,27570,19861212
1991.0,35-44 years,M,60552,19468254
1991.0,35-44 years,T,88122,39329466
1991.0,45-54 years,F,44648,13208754
1991.0,45-54 years,M,76028,12611398
1991.0,45-54 years,T,120676,25820152
1991.0,55-64 years,F,96642,11089269
1991.0,55-64 years,M,151436,9956592
1991.0,55-64 years,T,248078,21045861
1991.0,65-74 years,F,202780,10253227
1991.0,65-74 years,M,275856,8040677
1991.0,65-74 years,T,478636,18293904
1991.0,75-84 years,F,308540,6441707
1991.0,75-84 years,M,298950,3886874
1991.0,75-84 years,T,607490,10328581
1991.0,85+ years,F,320578,2306135
1991.0,85+ years,M,156823,883004
1991.0,85+ years,T,477401,3189139
1991.0,Not Stated,F,139,Not Applicable
1991.0,Not Stated,M,437,Not Applicable
1991.0,Not Stated,T,576,Not Applicable
1992.0,< 1 year,F,15083,1982917
1992.0,< 1 year,M,19545,2082097
1992.0,< 1 year,T,34628,4065014
1992.0,1-4 years,F,2955,7595372
1992.0,1-4 years,M,3809,7959894
1992.0,1-4 years,T,6764,15555266
1992.0,5-9 years,F,1508,8995027
1992.0,5-9 years,M,2231,9436077
1992.0,5-9 years,T,3739,18431104
1992.0,10-14 years,F,1605,8897292
1992.0,10-14 years,M,2849,9348471
1992.0,10-14 years,T,4454,18245763
1992.0,15-19 years,F,3664,8388570
1992.0,15-19 years,M,10747,8857670
1992.0,15-19 years,T,14411,17246240
1992.0,20-24 years,F,4677,9416575
1992.0,20-24 years,M,15460,9771427
1992.0,20-24 years,T,20137,19188002
1992.0,25-34 years,F,15586,21438678
1992.0,25-34 years,M,42895,21558292
1992.0,25-34 years,T,58481,42996970
1992.0,35-44 years,F,28295,20173674
1992.0,35-44 years,M,62995,19802660
1992.0,35-44 years,T,91290,39976334
1992.0,45-54 years,F,45759,14075709
1992.0,45-54 years,M,79271,13472009
1992.0,45-54 years,T,125030,27547718
1992.0,55-64 years,F,94111,11040886
1992.0,55-64 years,M,146880,9957172
1992.0,55-64 years,T,240991,20998058
1992.0,65-74 years,F,203751,10341223
1992.0,65-74 years,M,274165,8144796
1992.0,65-74 years,T,477916,18486019
1992.0,75-84 years,F,309955,6562650
1992.0,75-84 years,M,299897,3992665
1992.0,75-84 years,T,609852,10555315
1992.0,85+ years,F,326210,2399037
1992.0,85+ years,M,161236,915623
1992.0,85+ years,T,487446,3314660
1992.0,Not Stated,F,118,Not Applicable
1992.0,Not Stated,M,356,Not Applicable
1992.0,Not Stated,T,474,Not Applicable
1993.0,< 1 year,F,14507,1951379
1993.0,< 1 year,M,18959,2048861
1993.0,< 1 year,T,33466,4000240
1993.0,1-4 years,F,3074,7733713
1993.0,1-4 years,M,3992,8101371
1993.0,1-4 years,T,7066,15835084
1993.0,5-9 years,F,1715,9100328
1993.0,5-9 years,M,2203,9545628
1993.0,5-9 years,T,3918,18645956
1993.0,10-14 years,F,1736,9128750
1993.0,10-14 years,M,3004,9592653
1993.0,10-14 years,T,4740,18721403
1993.0,15-19 years,F,3834,8496137
1993.0,15-19 years,M,11163,8977716
1993.0,15-19 years,T,14997,17473853
1993.0,20-24 years,F,4743,9327766
1993.0,20-24 years,M,15743,9662158
1993.0,20-24 years,T,20486,18989924
1993.0,25-34 years,F,15958,21253390
1993.0,25-34 years,M,43687,21399006
1993.0,25-34 years,T,59645,42652396
1993.0,35-44 years,F,29643,20635137
1993.0,35-44 years,M,66395,20276413
1993.0,35-44 years,T,96038,40911550
1993.0,45-54 years,F,48367,14741971
1993.0,45-54 years,M,83448,14121978
1993.0,45-54 years,T,131815,28863949
1993.0,55-64 years,F,94675,11036850
1993.0,55-64 years,M,146906,9991621
1993.0,55-64 years,T,241581,21028471
1993.0,65-74 years,F,208213,10428798
1993.0,65-74 years,M,279606,8263821
1993.0,65-74 years,T,487819,18692619
1993.0,75-84 years,F,324479,6672781
1993.0,75-84 years,M,313559,4090845
1993.0,75-84 years,T,638038,10763626
1993.0,85+ years,F,355659,2493627
1993.0,85+ years,M,172778,951939
1993.0,85+ years,T,528437,3445566
1993.0,Not Stated,F,153,Not Applicable
1993.0,Not Stated,M,354,Not Applicable
1993.0,Not Stated,T,507,Not Applicable
1994.0,< 1 year,F,13896,1930178
1994.0,< 1 year,M,17814,2022589
1994.0,< 1 year,T,31710,3952767
1994.0,1-4 years,F,2959,7782853
1994.0,1-4 years,M,3841,8156896
1994.0,1-4 years,T,6800,15939749
1994.0,5-9 years,F,1561,9284531
1994.0,5-9 years,M,2186,9740148
1994.0,5-9 years,T,3747,19024679
1994.0,10-14 years,F,1721,9265835
1994.0,10-14 years,M,2996,9735451
1994.0,10-14 years,T,4717,19001286
1994.0,15-19 years,F,3840,8689030
1994.0,15-19 years,M,11444,9186779
1994.0,15-19 years,T,15284,17875809
1994.0,20-24 years,F,4643,9167765
1994.0,20-24 years,M,15314,9488299
1994.0,20-24 years,T,19957,18656064
1994.0,25-34 years,F,16093,21079959
1994.0,25-34 years,M,43180,21249595
1994.0,25-34 years,T,59273,42329554
1994.0,35-44 years,F,30759,21083565
1994.0,35-44 years,M,68744,20735301
1994.0,35-44 years,T,99503,41818866
1994.0,45-54 years,F,50438,15396122
1994.0,45-54 years,M,87459,14756639
1994.0,45-54 years,T,137897,30152761
1994.0,55-64 years,F,92931,11088628
1994.0,55-64 years,M,144188,10070509
1994.0,55-64 years,T,237119,21159137
1994.0,65-74 years,F,207430,10458903
1994.0,65-74 years,M,276239,8330888
1994.0,65-74 years,T,483669,18789791
1994.0,75-84 years,F,327285,6784095
1994.0,75-84 years,M,312929,4195885
1994.0,75-84 years,T,640214,10979980
1994.0,85+ years,F,362588,2574808
1994.0,85+ years,M,176102,986224
1994.0,85+ years,T,538690,3561032
1994.0,Not Stated,F,103,Not Applicable
1994.0,Not Stated,M,311,Not Applicable
1994.0,Not Stated,T,414,Not Applicable
1995.0,< 1 year,F,12961,1903234
1995.0,< 1 year,M,16622,1996355
1995.0,< 1 year,T,29583,3899589
1995.0,1-4 years,F,2784,7731902
1995.0,1-4 years,M,3609,8103217
1995.0,1-4 years,T,6393,15835119
1995.0,5-9 years,F,1568,9485029
1995.0,5-9 years,M,2212,9953142
1995.0,5-9 years,T,3780,19438171
1995.0,10-14 years,F,1809,9366209
1995.0,10-14 years,M,3007,9840840
1995.0,10-14 years,T,4816,19207049
1995.0,15-19 years,F,4021,8929131
1995.0,15-19 years,M,11068,9444867
1995.0,15-19 years,T,15089,18373998
1995.0,20-24 years,F,4446,8985933
1995.0,20-24 years,M,14709,9314281
1995.0,20-24 years,T,19155,18300214
1995.0,25-34 years,F,15919,20930892
1995.0,25-34 years,M,41826,21121231
1995.0,25-34 years,T,57745,42052123
1995.0,35-44 years,F,32139,21521809
1995.0,35-44 years,M,70131,21188959
1995.0,35-44 years,T,102270,42710768
1995.0,45-54 years,F,52078,16066641
1995.0,45-54 years,M,90922,15413598
1995.0,45-54 years,T,143000,31480239
1995.0,55-64 years,F,93222,11161349
1995.0,55-64 years,M,142290,10158673
1995.0,55-64 years,T,235512,21320022
1995.0,65-74 years,F,206889,10470931
1995.0,65-74 years,M,274001,8395157
1995.0,65-74 years,T,480890,18866088
1995.0,75-84 years,F,332769,6905925
1995.0,75-84 years,M,319408,4316569
1995.0,75-84 years,T,652177,11222494
1995.0,85+ years,F,378436,2657136
1995.0,85+ years,M,182823,1023586
1995.0,85+ years,T,561259,3680722
1995.0,Not Stated,F,132,Not Applicable
1995.0,Not Stated,M,331,Not Applicable
1995.0,Not Stated,T,463,Not Applicable
1996.0,< 1 year,F,12522,1901014
1996.0,< 1 year,M,15965,1990480
1996.0,< 1 year,T,28487,3891494
1996.0,1-4 years,F,2599,7647897
1996.0,1-4 years,M,3349,8015376
1996.0,1-4 years,T,5948,15663273
1996.0,5-9 years,F,1580,9691976
1996.0,5-9 years,M,2200,10168554
1996.0,5-9 years,T,3780,19860530
1996.0,10-14 years,F,1747,9476625
1996.0,10-14 years,M,2803,9958484
1996.0,10-14 years,T,4550,19435109
1996.0,15-19 years,F,3981,9193223
1996.0,15-19 years,M,10682,9726937
1996.0,15-19 years,T,14663,18920160
1996.0,20-24 years,F,4149,8770360
1996.0,20-24 years,M,13631,9106285
1996.0,20-24 years,T,17780,17876645
1996.0,25-34 years,F,15077,20804408
1996.0,25-34 years,M,36070,21004897
1996.0,25-34 years,T,51147,41809305
1996.0,35-44 years,F,31729,21936508
1996.0,35-44 years,M,64304,21614755
1996.0,35-44 years,T,96033,43551263
1996.0,45-54 years,F,53458,16734525
1996.0,45-54 years,M,90871,16065440
1996.0,45-54 years,T,144329,32799965
1996.0,55-64 years,F,92555,11285267
1996.0,55-64 years,M,141170,10304719
1996.0,55-64 years,T,233725,21589986
1996.0,65-74 years,F,204721,10426193
1996.0,65-74 years,M,269173,8398295
1996.0,65-74 years,T,473894,18824488
1996.0,75-84 years,F,338031,7057505
1996.0,75-84 years,M,325259,4466164
1996.0,75-84 years,T,663290,11523669
1996.0,85+ years,F,388822,2734961
1996.0,85+ years,M,187719,1059931
1996.0,85+ years,T,576541,3794892
1996.0,Not Stated,F,150,Not Applicable
1996.0,Not Stated,M,373,Not Applicable
1996.0,Not Stated,T,523,Not Applicable
1997.0,< 1 year,F,12257,1895298
1997.0,< 1 year,M,15788,1985596
1997.0,< 1 year,T,28045,3880894
1997.0,1-4 years,F,2380,7557654
1997.0,1-4 years,M,3121,7923876
1997.0,1-4 years,T,5501,15481530
1997.0,5-9 years,F,1600,9885415
1997.0,5-9 years,M,2045,10368617
1997.0,5-9 years,T,3645,20254032
1997.0,10-14 years,F,1698,9557354
1997.0,10-14 years,M,2718,10043343
1997.0,10-14 years,T,4416,19600697
1997.0,15-19 years,F,4007,9425166
1997.0,15-19 years,M,10265,9972525
1997.0,15-19 years,T,14272,19397691
1997.0,20-24 years,F,4225,8780930
1997.0,20-24 years,M,13047,9129146
1997.0,20-24 years,T,17272,17910076
1997.0,25-34 years,F,13831,20568783
1997.0,25-34 years,M,31707,20776180
1997.0,25-34 years,T,45538,41344963
1997.0,35-44 years,F,31267,22266278
1997.0,35-44 years,M,58141,21962137
1997.0,35-44 years,T,89408,44228415
1997.0,45-54 years,F,54295,17427695
1997.0,45-54 years,M,90587,16749813
1997.0,45-54 years,T,144882,34177508
1997.0,55-64 years,F,93117,11534771
1997.0,55-64 years,M,138876,10564540
1997.0,55-64 years,T,231993,22099311
1997.0,65-74 years,F,200399,10326142
1997.0,65-74 years,M,263875,8357732
1997.0,65-74 years,T,464274,18683874
1997.0,75-84 years,F,341139,7206897
1997.0,75-84 years,M,329391,4605314
1997.0,75-84 years,T,670530,11812211
1997.0,85+ years,F,399907,2805297
1997.0,85+ years,M,194161,1100179
1997.0,85+ years,T,594068,3905476
1997.0,Not Stated,F,84,Not Applicable
1997.0,Not Stated,M,317,Not Applicable
1997.0,Not Stated,T,401,Not Applicable
1998.0,< 1 year,F,12585,1925348
1998.0,< 1 year,M,15786,2016205
1998.0,< 1 year,T,28371,3941553
1998.0,1-4 years,F,2331,7513485
1998.0,1-4 years,M,2920,7868629
1998.0,1-4 years,T,5251,15382114
1998.0,5-9 years,F,1492,10006536
1998.0,5-9 years,M,2038,10503792
1998.0,5-9 years,T,3530,20510328
1998.0,10-14 years,F,1613,9666862
1998.0,10-14 years,M,2648,10158319
1998.0,10-14 years,T,4261,19825181
1998.0,15-19 years,F,3875,9640995
1998.0,15-19 years,M,9913,10198737
1998.0,15-19 years,T,13788,19839732
1998.0,20-24 years,F,4035,8901215
1998.0,20-24 years,M,12804,9265888
1998.0,20-24 years,T,16839,18167103
1998.0,25-34 years,F,13301,20266518
1998.0,25-34 years,M,29215,20489994
1998.0,25-34 years,T,42516,40756512
1998.0,35-44 years,F,31727,22516774
1998.0,35-44 years,M,57139,22231580
1998.0,35-44 years,T,88866,44748354
1998.0,45-54 years,F,54752,17958691
1998.0,45-54 years,M,91727,17273166
1998.0,45-54 years,T,146479,35231857
1998.0,55-64 years,F,93590,11989847
1998.0,55-64 years,M,140134,11021108
1998.0,55-64 years,T,233724,23010955
1998.0,65-74 years,F,199639,10236956
1998.0,65-74 years,M,259343,8333291
1998.0,65-74 years,T,458982,18570247
1998.0,75-84 years,F,347451,7306166
1998.0,75-84 years,M,334212,4710211
1998.0,75-84 years,T,681663,12016377
1998.0,85+ years,F,413518,2885710
1998.0,85+ years,M,199057,1146825
1998.0,85+ years,T,612575,4032535
1998.0,Not Stated,F,87,Not Applicable
1998.0,Not Stated,M,324,Not Applicable
1998.0,Not Stated,T,411,Not Applicable
1999.0,1-4 years,F,2274,7493614
1999.0,1-4 years,M,2975,7846168
1999.0,1-4 years,T,5249,15339782
1999.0,10-14 years,F,1593,9855664
1999.0,10-14 years,M,2528,10357700
1999.0,10-14 years,T,4121,20213364
1999.0,15-19 years,F,3998,9761569
1999.0,15-19 years,M,9780,10323033
1999.0,15-19 years,T,13778,20084602
1999.0,20-24 years,F,4244,9098615
1999.0,20-24 years,M,12634,9492814
1999.0,20-24 years,T,16878,18591429
1999.0,25-34 years,F,12790,19945090
1999.0,25-34 years,M,28276,20233316
1999.0,25-34 years,T,41066,40178406
1999.0,35-44 years,F,32138,22669604
1999.0,35-44 years,M,57118,22407073
1999.0,35-44 years,T,89256,45076677
1999.0,45-54 years,F,57315,18632305
1999.0,45-54 years,M,95659,17945514
1999.0,45-54 years,T,152974,36577819
1999.0,5-9 years,F,1510,10052618
1999.0,5-9 years,M,1964,10553842
1999.0,5-9 years,T,3474,20606460
1999.0,55-64 years,F,96255,12378763
1999.0,55-64 years,M,142724,11399263
1999.0,55-64 years,T,238979,23778026
1999.0,65-74 years,F,197680,10125424
1999.0,65-74 years,M,254920,8293485
1999.0,65-74 years,T,452600,18418909
1999.0,75-84 years,F,357620,7411198
1999.0,75-84 years,M,340970,4813716
1999.0,75-84 years,T,698590,12224914
1999.0,85+ years,F,436152,Not Applicable
1999.0,85+ years,M,209989,Not Applicable
1999.0,85+ years,T,646141,Not Applicable
1999.0,< 1 year,F,12291,1852123
1999.0,< 1 year,M,15646,1943639
1999.0,< 1 year,T,27937,3795762
1999.0,Not Stated,F,79,Not Applicable
1999.0,Not Stated,M,277,Not Applicable
1999.0,Not Stated,T,356,Not Applicable
2000.0,1-4 years,F,2155,7508434
2000.0,1-4 years,M,2824,7861716
2000.0,1-4 years,T,4979,15370150
2000.0,10-14 years,F,1609,10007875
2000.0,10-14 years,M,2551,10520197
2000.0,10-14 years,T,4160,20528072
2000.0,15-19 years,F,3866,9828886
2000.0,15-19 years,M,9697,10391004
2000.0,15-19 years,T,13563,20219890
2000.0,20-24 years,F,4370,9276187
2000.0,20-24 years,M,13374,9687814
2000.0,20-24 years,T,17744,18964001
2000.0,25-34 years,F,12561,19771195
2000.0,25-34 years,M,27890,20120529
2000.0,25-34 years,T,40451,39891724
2000.0,35-44 years,F,32501,22700729
2000.0,35-44 years,M,57297,22447798
2000.0,35-44 years,T,89798,45148527
2000.0,45-54 years,F,59943,19180722
2000.0,45-54 years,M,100398,18497230
2000.0,45-54 years,T,160341,37677952
2000.0,5-9 years,F,1403,10026228
2000.0,5-9 years,M,1850,10523277
2000.0,5-9 years,T,3253,20549505
2000.0,55-64 years,F,97525,12629328
2000.0,55-64 years,M,143321,11645356
2000.0,55-64 years,T,240846,24274684
2000.0,65-74 years,F,193801,10087712
2000.0,65-74 years,M,247408,8303274
2000.0,65-74 years,T,441209,18390986
2000.0,75-84 years,F,360226,7481827
2000.0,75-84 years,M,340219,4879353
2000.0,75-84 years,T,700445,12361180
2000.0,85+ years,F,443429,Not Applicable
2000.0,85+ years,M,214742,Not Applicable
2000.0,85+ years,T,658171,Not Applicable
2000.0,< 1 year,F,12317,1856631
2000.0,< 1 year,M,15718,1949017
2000.0,< 1 year,T,28035,3805648
2000.0,Not Stated,F,67,Not Applicable
2000.0,Not Stated,M,289,Not Applicable
2000.0,Not Stated,T,356,Not Applicable
2001.0,1-4 years,F,2208,7468536
2001.0,1-4 years,M,2899,7817023
2001.0,1-4 years,T,5107,15285559
2001.0,10-14 years,F,1561,10231469
2001.0,10-14 years,M,2441,10747209
2001.0,10-14 years,T,4002,20978678
2001.0,15-19 years,F,3789,9908897
2001.0,15-19 years,M,9766,10547387
2001.0,15-19 years,T,13555,20456284
2001.0,20-24 years,F,4500,9676950
2001.0,20-24 years,M,14197,10080336
2001.0,20-24 years,T,18697,19757286
2001.0,25-34 years,F,12926,19567043
2001.0,25-34 years,M,28757,19904479
2001.0,25-34 years,T,41683,39471522
2001.0,35-44 years,F,33510,22642429
2001.0,35-44 years,M,58164,22409323
2001.0,35-44 years,T,91674,45051752
2001.0,45-54 years,F,63217,20047081
2001.0,45-54 years,M,104848,19339187
2001.0,45-54 years,T,168065,39386268
2001.0,5-9 years,F,1366,9844298
2001.0,5-9 years,M,1727,10329064
2001.0,5-9 years,T,3093,20173362
2001.0,55-64 years,F,99181,13043566
2001.0,55-64 years,M,144958,12061729
2001.0,55-64 years,T,244139,25105295
2001.0,65-74 years,F,189379,10043126
2001.0,65-74 years,M,241581,8341053
2001.0,65-74 years,T,430960,18384179
2001.0,75-84 years,F,361187,7589733
2001.0,75-84 years,M,340742,5003885
2001.0,75-84 years,T,701929,12593618
2001.0,85+ years,F,447998,Not Applicable
2001.0,85+ years,M,217533,Not Applicable
2001.0,85+ years,T,665531,Not Applicable
2001.0,< 1 year,F,12091,1962905
2001.0,< 1 year,M,15477,2049753
2001.0,< 1 year,T,27568,4012658
2001.0,Not Stated,F,91,Not Applicable
2001.0,Not Stated,M,331,Not Applicable
2001.0,Not Stated,T,422,Not Applicable
2002.0,1-4 years,F,2052,7564711
2002.0,1-4 years,M,2806,7913020
2002.0,1-4 years,T,4858,15477731
2002.0,10-14 years,F,1636,10371422
2002.0,10-14 years,M,2496,10889999
2002.0,10-14 years,T,4132,21261421
2002.0,15-19 years,F,3968,9981879
2002.0,15-19 years,M,9844,10628491
2002.0,15-19 years,T,13812,20610370
2002.0,20-24 years,F,4662,9916245
2002.0,20-24 years,M,14572,10327520
2002.0,20-24 years,T,19234,20243765
2002.0,25-34 years,F,12619,19518779
2002.0,25-34 years,M,28736,19830867
2002.0,25-34 years,T,41355,39349646
2002.0,35-44 years,F,33547,22439455
2002.0,35-44 years,M,57593,22201194
2002.0,35-44 years,T,91140,44640649
2002.0,45-54 years,F,64663,20357603
2002.0,45-54 years,M,107722,19634591
2002.0,45-54 years,T,172385,39992194
2002.0,5-9 years,F,1316,9699735
2002.0,5-9 years,M,1702,10172682
2002.0,5-9 years,T,3018,19872417
2002.0,55-64 years,F,101979,13853658
2002.0,55-64 years,M,151363,12849674
2002.0,55-64 years,T,253342,26703332
2002.0,65-74 years,F,185969,10016658
2002.0,65-74 years,M,237021,8371877
2002.0,65-74 years,T,422990,18388535
2002.0,75-84 years,F,364150,7664104
2002.0,75-84 years,M,343504,5100760
2002.0,75-84 years,T,707654,12764864
2002.0,85+ years,F,455170,Not Applicable
2002.0,85+ years,M,225906,Not Applicable
2002.0,85+ years,T,681076,Not Applicable
2002.0,< 1 year,F,12317,1932939
2002.0,< 1 year,M,15717,2018522
2002.0,< 1 year,T,28034,3951461
2002.0,Not Stated,F,75,Not Applicable
2002.0,Not Stated,M,282,Not Applicable
2002.0,Not Stated,T,357,Not Applicable
2003.0,1-4 years,F,2139,7636693
2003.0,1-4 years,M,2826,7979882
2003.0,1-4 years,T,4965,15616575
2003.0,10-14 years,F,1546,10444875
2003.0,10-14 years,M,2510,10970478
2003.0,10-14 years,T,4056,21415353
2003.0,15-19 years,F,3889,10086567
2003.0,15-19 years,M,9706,10710599
2003.0,15-19 years,T,13595,20797166
2003.0,20-24 years,F,5009,10093723
2003.0,20-24 years,M,14964,10497965
2003.0,20-24 years,T,19973,20591688
2003.0,25-34 years,F,12698,19500922
2003.0,25-34 years,M,28602,19742873
2003.0,25-34 years,T,41300,39243795
2003.0,35-44 years,F,33026,22206703
2003.0,35-44 years,M,56435,21947503
2003.0,35-44 years,T,89461,44154206
2003.0,45-54 years,F,66099,20776919
2003.0,45-54 years,M,110682,20043035
2003.0,45-54 years,T,176781,40819954
2003.0,5-9 years,F,1258,9581247
2003.0,5-9 years,M,1640,10039604
2003.0,5-9 years,T,2898,19620851
2003.0,55-64 years,F,106058,14519419
2003.0,55-64 years,M,156461,13489526
2003.0,55-64 years,T,262519,28008945
2003.0,65-74 years,F,182076,10048202
2003.0,65-74 years,M,231421,8452713
2003.0,65-74 years,T,413497,18500915
2003.0,75-84 years,F,360692,7713157
2003.0,75-84 years,M,342332,5183281
2003.0,75-84 years,T,703024,12896438
2003.0,85+ years,F,459640,Not Applicable
2003.0,85+ years,M,228212,Not Applicable
2003.0,85+ years,T,687852,Not Applicable
2003.0,< 1 year,F,12123,1942634
2003.0,< 1 year,M,15902,2033237
2003.0,< 1 year,T,28025,3975871
2003.0,Not Stated,F,71,Not Applicable
2003.0,Not Stated,M,271,Not Applicable
2003.0,Not Stated,T,342,Not Applicable
2004.0,1-4 years,F,2136,7713175
2004.0,1-4 years,M,2649,8058452
2004.0,1-4 years,T,4785,15771627
2004.0,10-14 years,F,1592,10443706
2004.0,10-14 years,M,2354,10967974
2004.0,10-14 years,T,3946,21411680
2004.0,15-19 years,F,4028,10242793
2004.0,15-19 years,M,9678,10859759
2004.0,15-19 years,T,13706,21102552
2004.0,20-24 years,F,4806,10190641
2004.0,20-24 years,M,14909,10654919
2004.0,20-24 years,T,19715,20845560
2004.0,25-34 years,F,12509,19520225
2004.0,25-34 years,M,28359,19746331
2004.0,25-34 years,T,40868,39266556
2004.0,35-44 years,F,31685,22015734
2004.0,35-44 years,M,53677,21784541
2004.0,35-44 years,T,85362,43800275
2004.0,45-54 years,F,66534,21184129
2004.0,45-54 years,M,111163,20445801
2004.0,45-54 years,T,177697,41629930
2004.0,5-9 years,F,1243,9503231
2004.0,5-9 years,M,1645,9951006
2004.0,5-9 years,T,2888,19454237
2004.0,55-64 years,F,106665,15185747
2004.0,55-64 years,M,158032,14119557
2004.0,55-64 years,T,264697,29305304
2004.0,65-74 years,F,176775,10110363
2004.0,65-74 years,M,222891,8557170
2004.0,65-74 years,T,399666,18667533
2004.0,75-84 years,F,350561,7738742
2004.0,75-84 years,M,333669,5251161
2004.0,75-84 years,T,684230,12989903
2004.0,85+ years,F,445123,Not Applicable
2004.0,85+ years,M,226650,Not Applicable
2004.0,85+ years,T,671773,Not Applicable
2004.0,< 1 year,F,12218,1962216
2004.0,< 1 year,M,15718,2052042
2004.0,< 1 year,T,27936,4014258
2004.0,Not Stated,F,72,Not Applicable
2004.0,Not Stated,M,274,Not Applicable
2004.0,Not Stated,T,346,Not Applicable
2005.0,1-4 years,F,1991,7785123
2005.0,1-4 years,M,2765,8127884
2005.0,1-4 years,T,4756,15913007
2005.0,10-14 years,F,1468,10348382
2005.0,10-14 years,M,2297,10864197
2005.0,10-14 years,T,3765,21212579
2005.0,15-19 years,F,3817,10434789
2005.0,15-19 years,M,9886,11051425
2005.0,15-19 years,T,13703,21486214
2005.0,20-24 years,F,4908,10222806
2005.0,20-24 years,M,15623,10737149
2005.0,20-24 years,T,20531,20959955
2005.0,25-34 years,F,12642,19547698
2005.0,25-34 years,M,29283,19710949
2005.0,25-34 years,T,41925,39258647
2005.0,35-44 years,F,31476,21865343
2005.0,35-44 years,M,53309,21640195
2005.0,35-44 years,T,84785,43505538
2005.0,45-54 years,F,69058,21614529
2005.0,45-54 years,M,114472,20881375
2005.0,45-54 years,T,183530,42495904
2005.0,5-9 years,F,1281,9473900
2005.0,5-9 years,M,1556,9915167
2005.0,5-9 years,T,2837,19389067
2005.0,55-64 years,F,109872,15868410
2005.0,55-64 years,M,165429,14773087
2005.0,55-64 years,T,275301,30641497
2005.0,65-74 years,F,175548,10198569
2005.0,65-74 years,M,222807,8683128
2005.0,65-74 years,T,398355,18881697
2005.0,75-84 years,F,351430,7753835
2005.0,75-84 years,M,335235,5320967
2005.0,75-84 years,T,686665,13074802
2005.0,85+ years,F,464373,Not Applicable
2005.0,85+ years,M,238796,Not Applicable
2005.0,85+ years,T,703169,Not Applicable
2005.0,< 1 year,F,12422,1956682
2005.0,< 1 year,M,16018,2047711
2005.0,< 1 year,T,28440,4004393
2005.0,Not Stated,F,56,Not Applicable
2005.0,Not Stated,M,199,Not Applicable
2005.0,Not Stated,T,255,Not Applicable
2006.0,1-4 years,F,2090,7775092
2006.0,1-4 years,M,2541,8122053
2006.0,1-4 years,T,4631,15897145
2006.0,10-14 years,F,1340,10261944
2006.0,10-14 years,M,2074,10771194
2006.0,10-14 years,T,3414,21033138
2006.0,15-19 years,F,3821,10597293
2006.0,15-19 years,M,9918,11210416
2006.0,15-19 years,T,13739,21807709
2006.0,20-24 years,F,4996,10238784
2006.0,20-24 years,M,16152,10797351
2006.0,20-24 years,T,21148,21036135
2006.0,25-34 years,F,12764,19626340
2006.0,25-34 years,M,30188,19768839
2006.0,25-34 years,T,42952,39395179
2006.0,35-44 years,F,30893,21727611
2006.0,35-44 years,M,52150,21516190
2006.0,35-44 years,T,83043,43243801
2006.0,45-54 years,F,69859,22011575
2006.0,45-54 years,M,115172,21274584
2006.0,45-54 years,T,185031,43286159
2006.0,5-9 years,F,1184,9555173
2006.0,5-9 years,M,1551,9989515
2006.0,5-9 years,T,2735,19544688
2006.0,55-64 years,F,112414,16532054
2006.0,55-64 years,M,168987,15398059
2006.0,55-64 years,T,281401,31930113
2006.0,65-74 years,F,171928,10350638
2006.0,65-74 years,M,218165,8852389
2006.0,65-74 years,T,390093,19203027
2006.0,75-84 years,F,340023,7732685
2006.0,75-84 years,M,327315,5362466
2006.0,75-84 years,T,667338,13095151
2006.0,85+ years,F,460414,Not Applicable
2006.0,85+ years,M,241578,Not Applicable
2006.0,85+ years,T,701992,Not Applicable
2006.0,< 1 year,F,12547,1975919
2006.0,< 1 year,M,15980,2065819
2006.0,< 1 year,T,28527,4041738
2006.0,Not Stated,F,49,Not Applicable
2006.0,Not Stated,M,171,Not Applicable
2006.0,Not Stated,T,220,Not Applicable
2007.0,1-4 years,F,2069,7813088
2007.0,1-4 years,M,2634,8164877
2007.0,1-4 years,T,4703,15977965
2007.0,10-14 years,F,1370,10170082
2007.0,10-14 years,M,2066,10670960
2007.0,10-14 years,T,3436,20841042
2007.0,15-19 years,F,3741,10731326
2007.0,15-19 years,M,9558,11336490
2007.0,15-19 years,T,13299,22067816
2007.0,20-24 years,F,4925,10270163
2007.0,20-24 years,M,15758,10807836
2007.0,20-24 years,T,20683,21077999
2007.0,25-34 years,F,12780,19788593
2007.0,25-34 years,M,29792,19924870
2007.0,25-34 years,T,42572,39713463
2007.0,35-44 years,F,29501,21502002
2007.0,35-44 years,M,50105,21294228
2007.0,35-44 years,T,79606,42796230
2007.0,45-54 years,F,70230,22337962
2007.0,45-54 years,M,114456,21601977
2007.0,45-54 years,T,184686,43939939
2007.0,5-9 years,F,1192,9640683
2007.0,5-9 years,M,1519,10073928
2007.0,5-9 years,T,2711,19714611
2007.0,55-64 years,F,113492,17148671
2007.0,55-64 years,M,173618,15979763
2007.0,55-64 years,T,287110,33128434
2007.0,65-74 years,F,170894,10595802
2007.0,65-74 years,M,218344,9102925
2007.0,65-74 years,T,389238,19698727
2007.0,75-84 years,F,331879,7694491
2007.0,75-84 years,M,320803,5392948
2007.0,75-84 years,T,652682,13087439
2007.0,85+ years,F,464781,Not Applicable
2007.0,85+ years,M,248866,Not Applicable
2007.0,85+ years,T,713647,Not Applicable
2007.0,< 1 year,F,12845,2027181
2007.0,< 1 year,M,16293,2120816
2007.0,< 1 year,T,29138,4147997
2007.0,Not Stated,F,45,Not Applicable
2007.0,Not Stated,M,156,Not Applicable
2007.0,Not Stated,T,201,Not Applicable
2008.0,1-4 years,F,2037,7891294
2008.0,1-4 years,M,2693,8247098
2008.0,1-4 years,T,4730,16138392
2008.0,10-14 years,F,1265,10108474
2008.0,10-14 years,M,1884,10598181
2008.0,10-14 years,T,3149,20706655
2008.0,15-19 years,F,3449,10805148
2008.0,15-19 years,M,8958,11405732
2008.0,15-19 years,T,12407,22210880
2008.0,20-24 years,F,4722,10339566
2008.0,20-24 years,M,15069,10841046
2008.0,20-24 years,T,19791,21180612
2008.0,25-34 years,F,12640,20019411
2008.0,25-34 years,M,29635,20188062
2008.0,25-34 years,T,42275,40207473
2008.0,35-44 years,F,28684,21195733
2008.0,35-44 years,M,47686,20996753
2008.0,35-44 years,T,76370,42192486
2008.0,45-54 years,F,71504,22597536
2008.0,45-54 years,M,115038,21862911
2008.0,45-54 years,T,186542,44460447
2008.0,5-9 years,F,1106,9748488
2008.0,5-9 years,M,1396,10181114
2008.0,5-9 years,T,2502,19929602
2008.0,55-64 years,F,116632,17681763
2008.0,55-64 years,M,179550,16475300
2008.0,55-64 years,T,296182,34157063
2008.0,65-74 years,F,176179,11004244
2008.0,65-74 years,M,225400,9501435
2008.0,65-74 years,T,401579,20505679
2008.0,75-84 years,F,331664,7656443
2008.0,75-84 years,M,321896,5419659
2008.0,75-84 years,T,653560,13076102
2008.0,85+ years,F,483470,Not Applicable
2008.0,85+ years,M,261221,Not Applicable
2008.0,85+ years,T,744691,Not Applicable
2008.0,< 1 year,F,12390,2022889
2008.0,< 1 year,M,15669,2109846
2008.0,< 1 year,T,28059,4132735
2008.0,Not Stated,F,45,Not Applicable
2008.0,Not Stated,M,102,Not Applicable
2008.0,Not Stated,T,147,Not Applicable
2009.0,1-4 years,F,1955,7943260
2009.0,1-4 years,M,2495,8297671
2009.0,1-4 years,T,4450,16240931
2009.0,10-14 years,F,1278,10088732
2009.0,10-14 years,M,1850,10571832
2009.0,10-14 years,T,3128,20660564
2009.0,15-19 years,F,3344,10804571
2009.0,15-19 years,M,8176,11388239
2009.0,15-19 years,T,11520,22192810
2009.0,20-24 years,F,4760,10459413
2009.0,20-24 years,M,14136,10924709
2009.0,20-24 years,T,18896,21384122
2009.0,25-34 years,F,13303,20267430
2009.0,25-34 years,M,29199,20455912
2009.0,25-34 years,T,42502,40723342
2009.0,35-44 years,F,28110,20841610
2009.0,35-44 years,M,46555,20646201
2009.0,35-44 years,T,74665,41487811
2009.0,45-54 years,F,72748,22797854
2009.0,45-54 years,M,114820,22069234
2009.0,45-54 years,T,187568,44867088
2009.0,5-9 years,F,1125,9874744
2009.0,5-9 years,M,1398,10307755
2009.0,5-9 years,T,2523,20182499
2009.0,55-64 years,F,119165,18329541
2009.0,55-64 years,M,184142,17076059
2009.0,55-64 years,T,303307,35405600
2009.0,65-74 years,F,175238,11375157
2009.0,65-74 years,M,225794,9857942
2009.0,65-74 years,T,401032,21233099
2009.0,75-84 years,F,316695,7590640
2009.0,75-84 years,M,311032,5432135
2009.0,75-84 years,T,627727,13022775
2009.0,85+ years,F,470396,Not Applicable
2009.0,85+ years,M,262782,Not Applicable
2009.0,85+ years,T,733178,Not Applicable
2009.0,< 1 year,F,11589,1959169
2009.0,< 1 year,M,14823,2044418
2009.0,< 1 year,T,26412,4003587
2009.0,Not Stated,F,78,Not Applicable
2009.0,Not Stated,M,177,Not Applicable
2009.0,Not Stated,T,255,Not Applicable
2010.0,1-4 years,F,1856,7952058
2010.0,1-4 years,M,2460,8305151
2010.0,1-4 years,T,4316,16257209
2010.0,10-14 years,F,1220,10097332
2010.0,10-14 years,M,1729,10579862
2010.0,10-14 years,T,2949,20677194
2010.0,15-19 years,F,3021,10736677
2010.0,15-19 years,M,7866,11303666
2010.0,15-19 years,T,10887,22040343
2010.0,20-24 years,F,4740,10571823
2010.0,20-24 years,M,13924,11014176
2010.0,20-24 years,T,18664,21585999
2010.0,25-34 years,F,13067,20431857
2010.0,25-34 years,M,29192,20632091
2010.0,25-34 years,T,42259,41063948
2010.0,35-44 years,F,26599,20634607
2010.0,35-44 years,M,43434,20435999
2010.0,35-44 years,T,70033,41070606
2010.0,45-54 years,F,71189,22864357
2010.0,45-54 years,M,112018,22142359
2010.0,45-54 years,T,183207,45006716
2010.0,5-9 years,F,1005,9959019
2010.0,5-9 years,M,1325,10389638
2010.0,5-9 years,T,2330,20348657
2010.0,55-64 years,F,121507,18881581
2010.0,55-64 years,M,189295,17601148
2010.0,55-64 years,T,310802,36482729
2010.0,65-74 years,F,177447,11616910
2010.0,65-74 years,M,229704,10096519
2010.0,65-74 years,T,407151,21713429
2010.0,75-84 years,F,313821,7584360
2010.0,75-84 years,M,311830,5476762
2010.0,75-84 years,T,625651,13061122
2010.0,85+ years,F,489608,Not Applicable
2010.0,85+ years,M,275866,Not Applicable
2010.0,85+ years,T,765474,Not Applicable
2010.0,< 1 year,F,10884,1929877
2010.0,< 1 year,M,13702,2014276
2010.0,< 1 year,T,24586,3944153
2010.0,Not Stated,F,39,Not Applicable
2010.0,Not Stated,M,87,Not Applicable
2010.0,Not Stated,T,126,Not Applicable
2011.0,1-4 years,F,1841,7909731
2011.0,1-4 years,M,2405,8255790
2011.0,1-4 years,T,4246,16165521
2011.0,10-14 years,F,1151,10117822
2011.0,10-14 years,M,1799,10587030
2011.0,10-14 years,T,2950,20704852
2011.0,15-19 years,F,2976,10525097
2011.0,15-19 years,M,7618,11118946
2011.0,15-19 years,T,10594,21644043
2011.0,20-24 years,F,4767,10841132
2011.0,20-24 years,M,14306,11312700
2011.0,20-24 years,T,19073,22153832
2011.0,25-34 years,F,13663,20746335
2011.0,25-34 years,M,30085,21044163
2011.0,25-34 years,T,43748,41790498
2011.0,35-44 years,F,26678,20404484
2011.0,35-44 years,M,43215,20223470
2011.0,35-44 years,T,69893,40627954
2011.0,45-54 years,F,71538,22698956
2011.0,45-54 years,M,111709,22019247
2011.0,45-54 years,T,183247,44718203
2011.0,5-9 years,F,1071,9950009
2011.0,5-9 years,M,1380,10384187
2011.0,5-9 years,T,2451,20334196
2011.0,55-64 years,F,126674,19703935
2011.0,55-64 years,M,196641,18358205
2011.0,55-64 years,T,323315,38062140
2011.0,65-74 years,F,180776,12005425
2011.0,65-74 years,M,234276,10476313
2011.0,65-74 years,T,415052,22481738
2011.0,75-84 years,F,313532,7602197
2011.0,75-84 years,M,312693,5573033
2011.0,75-84 years,T,626225,13175230
2011.0,85+ years,F,505120,Not Applicable
2011.0,85+ years,M,285425,Not Applicable
2011.0,85+ years,T,790545,Not Applicable
2011.0,< 1 year,F,10658,1952827
2011.0,< 1 year,M,13327,2043710
2011.0,< 1 year,T,23985,3996537
2011.0,Not Stated,F,35,Not Applicable
2011.0,Not Stated,M,99,Not Applicable
2011.0,Not Stated,T,134,Not Applicable
2012.0,1-4 years,F,1823,7856870
2012.0,1-4 years,M,2395,8199397
2012.0,1-4 years,T,4218,16056267
2012.0,10-14 years,F,1150,10102004
2012.0,10-14 years,M,1716,10567214
2012.0,10-14 years,T,2866,20669218
2012.0,15-19 years,F,2850,10397841
2012.0,15-19 years,M,7224,10962861
2012.0,15-19 years,T,10074,21360702
2012.0,20-24 years,F,4876,11033747
2012.0,20-24 years,M,14232,11549456
2012.0,20-24 years,T,19108,22583203
2012.0,25-34 years,F,13808,20970529
2012.0,25-34 years,M,30783,21338792
2012.0,25-34 years,T,44591,42309321
2012.0,35-44 years,F,26233,20342813
2012.0,35-44 years,M,42929,20173607
2012.0,35-44 years,T,69162,40516420
2012.0,45-54 years,F,70249,22461868
2012.0,45-54 years,M,109214,21806870
2012.0,45-54 years,T,179463,44268738
2012.0,5-9 years,F,1014,10016343
2012.0,5-9 years,M,1320,10459193
2012.0,5-9 years,T,2334,20475536
2012.0,55-64 years,F,128655,19983308
2012.0,55-64 years,M,200951,18602894
2012.0,55-64 years,T,329606,38586202
2012.0,65-74 years,F,187411,12782530
2012.0,65-74 years,M,244935,11202862
2012.0,65-74 years,T,432346,23985392
2012.0,75-84 years,F,309747,7624484
2012.0,75-84 years,M,310681,5648150
2012.0,75-84 years,T,620428,13272634
2012.0,85+ years,F,511204,Not Applicable
2012.0,85+ years,M,294103,Not Applicable
2012.0,85+ years,T,805307,Not Applicable
2012.0,< 1 year,F,10490,1926339
2012.0,< 1 year,M,13139,2016738
2012.0,< 1 year,T,23629,3943077
2012.0,Not Stated,F,47,Not Applicable
2012.0,Not Stated,M,100,Not Applicable
2012.0,Not Stated,T,147,Not Applicable
2013.0,1-4 years,F,1745,7790614
2013.0,1-4 years,M,2323,8135691
2013.0,1-4 years,T,4068,15926305
2013.0,10-14 years,F,1219,10097931
2013.0,10-14 years,M,1694,10552523
2013.0,10-14 years,T,2913,20650454
2013.0,15-19 years,F,2721,10312774
2013.0,15-19 years,M,6759,10846190
2013.0,15-19 years,T,9480,21158964
2013.0,20-24 years,F,4901,11116473
2013.0,20-24 years,M,14105,11678965
2013.0,20-24 years,T,19006,22795438
2013.0,25-34 years,F,14001,21203096
2013.0,25-34 years,M,31462,21641491
2013.0,25-34 years,T,45463,42844587
2013.0,35-44 years,F,26501,20307429
2013.0,35-44 years,M,43072,20145261
2013.0,35-44 years,T,69573,40452690
2013.0,45-54 years,F,69727,22198448
2013.0,45-54 years,M,107997,21569084
2013.0,45-54 years,T,177724,43767532
2013.0,5-9 years,F,1044,10061607
2013.0,5-9 years,M,1383,10508974
2013.0,5-9 years,T,2427,20570581
2013.0,55-64 years,F,131802,20359676
2013.0,55-64 years,M,206325,18956755
2013.0,55-64 years,T,338127,39316431
2013.0,65-74 years,F,196531,13419124
2013.0,65-74 years,M,257898,11797642
2013.0,65-74 years,T,454429,25216766
2013.0,75-84 years,F,309673,7686002
2013.0,75-84 years,M,315340,5760517
2013.0,75-84 years,T,625013,13446519
2013.0,85+ years,F,520736,Not Applicable
2013.0,85+ years,M,304462,Not Applicable
2013.0,85+ years,T,825198,Not Applicable
2013.0,< 1 year,F,10321,1925056
2013.0,< 1 year,M,13119,2016727
2013.0,< 1 year,T,23440,3941783
2013.0,Not Stated,F,37,Not Applicable
2013.0,Not Stated,M,95,Not Applicable
2013.0,Not Stated,T,132,Not Applicable
2014.0,1-4 years,F,1658,7790662
2014.0,1-4 years,M,2172,8137871
2014.0,1-4 years,T,3830,15928533
2014.0,10-14 years,F,1122,10120287
2014.0,10-14 years,M,1771,10551219
2014.0,10-14 years,T,2893,20671506
2014.0,15-19 years,F,2758,10283624
2014.0,15-19 years,M,6828,10784023
2014.0,15-19 years,T,9586,21067647
2014.0,20-24 years,F,4916,11172747
2014.0,20-24 years,M,14289,11739427
2014.0,20-24 years,T,19205,22912174
2014.0,25-34 years,F,14480,21546290
2014.0,25-34 years,M,32697,21970214
2014.0,25-34 years,T,47177,43516504
2014.0,35-44 years,F,27303,20353904
2014.0,35-44 years,M,43693,20159229
2014.0,35-44 years,T,70996,40513133
2014.0,45-54 years,F,69540,22033807
2014.0,45-54 years,M,106377,21425044
2014.0,45-54 years,T,175917,43458851
2014.0,5-9 years,F,1000,10041137
2014.0,5-9 years,M,1357,10478429
2014.0,5-9 years,T,2357,20519566
2014.0,55-64 years,F,136610,20755699
2014.0,55-64 years,M,212198,19321882
2014.0,55-64 years,T,348808,40077581
2014.0,65-74 years,F,202893,14049245
2014.0,65-74 years,M,268648,12349045
2014.0,65-74 years,T,471541,26398290
2014.0,75-84 years,F,308074,7789312
2014.0,75-84 years,M,316430,5893378
2014.0,75-84 years,T,624504,13682690
2014.0,85+ years,F,517441,Not Applicable
2014.0,85+ years,M,308785,Not Applicable
2014.0,85+ years,T,826226,Not Applicable
2014.0,< 1 year,F,10329,1930493
2014.0,< 1 year,M,12886,2017857
2014.0,< 1 year,T,23215,3948350
2014.0,Not Stated,F,53,Not Applicable
2014.0,Not Stated,M,110,Not Applicable
2014.0,Not Stated,T,163,Not Applicable
2015.0,1-4 years,F,1684,7786776
2015.0,1-4 years,M,2281,8142467
2015.0,1-4 years,T,3965,15929243
2015.0,10-14 years,F,1233,10101942
2015.0,10-14 years,M,1776,10520388
2015.0,10-14 years,T,3009,20622330
2015.0,15-19 years,F,2999,10311036
2015.0,15-19 years,M,7187,10797867
2015.0,15-19 years,T,10186,21108903
2015.0,20-24 years,F,5149,11071459
2015.0,20-24 years,M,15159,11667854
2015.0,20-24 years,T,20308,22739313
2015.0,25-34 years,F,15736,21838064
2015.0,25-34 years,M,35781,22299138
2015.0,25-34 years,T,51517,44137202
2015.0,35-44 years,F,27418,20386206
2015.0,35-44 years,M,45670,20203577
2015.0,35-44 years,T,73088,40589783
2015.0,45-54 years,F,68947,21889385
2015.0,45-54 years,M,105547,21298776
2015.0,45-54 years,T,174494,43188161
2015.0,5-9 years,F,1025,10028044
2015.0,5-9 years,M,1377,10459132
2015.0,5-9 years,T,2402,20487176
2015.0,55-64 years,F,140159,21163072
2015.0,55-64 years,M,217626,19714747
2015.0,55-64 years,T,357785,40877819
2015.0,65-74 years,F,212669,14658169
2015.0,65-74 years,M,282347,12892348
2015.0,65-74 years,T,495016,27550517
2015.0,75-84 years,F,313720,7899603
2015.0,75-84 years,M,323846,6023571
2015.0,75-84 years,T,637566,13923174
2015.0,85+ years,F,537997,Not Applicable
2015.0,85+ years,M,321704,Not Applicable
2015.0,85+ years,T,859701,Not Applicable
2015.0,< 1 year,F,10447,1942904
2015.0,< 1 year,M,13008,2035134
2015.0,< 1 year,T,23455,3978038
2015.0,Not Stated,F,43,Not Applicable
2015.0,Not Stated,M,95,Not Applicable
2015.0,Not Stated,T,138,Not Applicable
2016.0,1-4 years,F,1789,7800517
2016.0,1-4 years,M,2256,8156375
2016.0,1-4 years,T,4045,15956892
2016.0,10-14 years,F,1249,10099501
2016.0,10-14 years,M,1764,10518732
2016.0,10-14 years,T,3013,20618233
2016.0,15-19 years,F,3099,10328153
2016.0,15-19 years,M,7713,10801846
2016.0,15-19 years,T,10812,21129999
2016.0,20-24 years,F,5463,10889963
2016.0,20-24 years,M,16300,11491065
2016.0,20-24 years,T,21763,22381028
2016.0,25-34 years,F,17359,22077505
2016.0,25-34 years,M,40257,22599738
2016.0,25-34 years,T,57616,44677243
2016.0,35-44 years,F,28577,20317393
2016.0,35-44 years,M,49215,20152763
2016.0,35-44 years,T,77792,40470156
2016.0,45-54 years,F,68430,21680540
2016.0,45-54 years,M,105086,21106139
2016.0,45-54 years,T,173516,42786679
2016.0,5-9 years,F,1113,9999876
2016.0,5-9 years,M,1377,10429923
2016.0,5-9 years,T,2490,20429799
2016.0,55-64 years,F,144061,21464106
2016.0,55-64 years,M,222384,19999038
2016.0,55-64 years,T,366445,41463144
2016.0,65-74 years,F,219338,15239221
2016.0,65-74 years,M,292742,13391109
2016.0,65-74 years,T,512080,28630330
2016.0,75-84 years,F,312097,8056660
2016.0,75-84 years,M,324819,6176874
2016.0,75-84 years,T,636916,14233534
2016.0,85+ years,F,531107,Not Applicable
2016.0,85+ years,M,323355,Not Applicable
2016.0,85+ years,T,854462,Not Applicable
2016.0,< 1 year,F,10294,1939667
2016.0,< 1 year,M,12867,2030478
2016.0,< 1 year,T,23161,3970145
2016.0,Not Stated,F,40,Not Applicable
2016.0,Not Stated,M,97,Not Applicable
2016.0,Not Stated,T,137,Not Applicable
2017.0,1-4 years,F,1648,7818747
2017.0,1-4 years,M,2232,8180818
2017.0,1-4 years,T,3880,15999565
2017.0,10-14 years,F,1247,10173382
2017.0,10-14 years,M,1970,10605072
2017.0,10-14 years,T,3217,20778454
2017.0,15-19 years,F,3037,10331169
2017.0,15-19 years,M,7849,10800491
2017.0,15-19 years,T,10886,21131660
2017.0,20-24 years,F,5485,10769493
2017.0,20-24 years,M,15654,11349142
2017.0,20-24 years,T,21139,22118635
2017.0,25-34 years,F,18066,22351311
2017.0,25-34 years,M,42149,22991361
2017.0,25-34 years,T,60215,45342672
2017.0,35-44 years,F,29004,20506270
2017.0,35-44 years,M,50792,20369100
2017.0,35-44 years,T,79796,40875370
2017.0,45-54 years,F,66338,21468595
2017.0,45-54 years,M,103804,20906357
2017.0,45-54 years,T,170142,42374952
2017.0,5-9 years,F,1055,9936097
2017.0,5-9 years,M,1299,10368141
2017.0,5-9 years,T,2354,20304238
2017.0,55-64 years,F,146671,21737855
2017.0,55-64 years,M,225335,20257803
2017.0,55-64 years,T,372006,41995658
2017.0,65-74 years,F,227679,15806306
2017.0,65-74 years,M,303931,13877140
2017.0,65-74 years,T,531610,29683446
2017.0,75-84 years,F,321088,8298676
2017.0,75-84 years,M,336671,6407875
2017.0,75-84 years,T,657759,14706551
2017.0,85+ years,F,543169,Not Applicable
2017.0,85+ years,M,334866,Not Applicable
2017.0,85+ years,T,878035,Not Applicable
2017.0,< 1 year,F,9867,1924145
2017.0,< 1 year,M,12468,2015150
2017.0,< 1 year,T,22335,3939295
2017.0,Not Stated,F,38,Not Applicable
2017.0,Not Stated,M,91,Not Applicable
2017.0,Not Stated,T,129,Not Applicable
2018.0,1-4 years,F,1587,7798370
2018.0,1-4 years,M,2243,8163697
2018.0,1-4 years,T,3830,15962067
2018.0,10-14 years,F,1325,10220687
2018.0,10-14 years,M,1795,10658840
2018.0,10-14 years,T,3120,20879527
2018.0,15-19 years,F,3000,10322313
2018.0,15-19 years,M,7380,10774908
2018.0,15-19 years,T,10380,21097221
2018.0,20-24 years,F,5146,10672032
2018.0,20-24 years,M,14628,11201547
2018.0,20-24 years,T,19774,21873579
2018.0,25-34 years,F,17980,22487065
2018.0,25-34 years,M,40864,23210709
2018.0,25-34 years,T,58844,45697774
2018.0,35-44 years,F,29004,20690288
2018.0,35-44 years,M,51376,20587600
2018.0,35-44 years,T,80380,41277888
2018.0,45-54 years,F,63807,21090497
2018.0,45-54 years,M,101030,20541202
2018.0,45-54 years,T,164837,41631699
2018.0,5-9 years,F,1044,9879652
2018.0,5-9 years,M,1286,10315990
2018.0,5-9 years,T,2330,20195642
2018.0,55-64 years,F,146563,21873773
2018.0,55-64 years,M,228273,20398863
2018.0,55-64 years,T,374836,42272636
2018.0,65-74 years,F,230867,16246231
2018.0,65-74 years,M,312911,14246085
2018.0,65-74 years,T,543778,30492316
2018.0,75-84 years,F,328017,8659334
2018.0,75-84 years,M,347188,6735040
2018.0,75-84 years,T,675205,15394374
2018.0,85+ years,F,542962,Not Applicable
2018.0,85+ years,M,337318,Not Applicable
2018.0,85+ years,T,880280,Not Applicable
2018.0,< 1 year,F,9399,1879703
2018.0,< 1 year,M,12068,1968505
2018.0,< 1 year,T,21467,3848208
2018.0,Not Stated,F,35,Not Applicable
2018.0,Not Stated,M,109,Not Applicable
2018.0,Not Stated,T,144,Not Applicable
2019.0,1-4 years,F,1635,7719541
2019.0,1-4 years,M,2041,8074090
2019.0,1-4 years,T,3676,15793631
2019.0,10-14 years,F,1268,10180007
2019.0,10-14 years,M,1896,10618261
2019.0,10-14 years,T,3164,20798268
2019.0,15-19 years,F,2897,10308963
2019.0,15-19 years,M,7361,10745607
2019.0,15-19 years,T,10258,21054570
2019.0,20-24 years,F,5126,10568188
2019.0,20-24 years,M,14387,11064752
2019.0,20-24 years,T,19513,21632940
2019.0,25-34 years,F,17827,22581141
2019.0,25-34 years,M,41351,23359180
2019.0,25-34 years,T,59178,45940321
2019.0,35-44 years,F,29550,20867064
2019.0,35-44 years,M,53436,20792080
2019.0,35-44 years,T,82986,41659144
2019.0,45-54 years,F,61546,20702936
2019.0,45-54 years,M,98847,20171966
2019.0,45-54 years,T,160393,40874902
2019.0,5-9 years,F,1043,9873133
2019.0,5-9 years,M,1290,10322762
2019.0,5-9 years,T,2333,20195895
2019.0,55-64 years,F,147012,21949318
2019.0,55-64 years,M,227925,20499219
2019.0,55-64 years,T,374937,42448537
2019.0,65-74 years,F,235312,16783854
2019.0,65-74 years,M,320247,14699579
2019.0,65-74 years,T,555559,31483433
2019.0,75-84 years,F,332927,8971649
2019.0,75-84 years,M,355100,6998223
2019.0,75-84 years,T,688027,15969872
2019.0,85+ years,F,535581,Not Applicable
2019.0,85+ years,M,338165,Not Applicable
2019.0,85+ years,T,873746,Not Applicable
2019.0,< 1 year,F,9247,1847935
2019.0,< 1 year,M,11674,1935117
2019.0,< 1 year,T,20921,3783052
2019.0,Not Stated,F,44,Not Applicable
2019.0,Not Stated,M,103,Not Applicable
2019.0,Not Stated,T,147,Not Applicable
2020.0,1-4 years,F,1503,7613266
2020.0,1-4 years,M,2026,7953016
2020.0,1-4 years,T,3529,15566282
2020.0,10-14 years,F,1296,10159455
2020.0,10-14 years,M,2117,10594968
2020.0,10-14 years,T,3413,20754423
2020.0,15-19 years,F,3327,10266332
2020.0,15-19 years,M,8951,10694597
2020.0,15-19 years,T,12278,20960929
2020.0,20-24 years,F,6005,10561909
2020.0,20-24 years,M,17533,11032846
2020.0,20-24 years,T,23538,21594755
2020.0,25-34 years,F,21654,22625267
2020.0,25-34 years,M,51832,23444379
2020.0,25-34 years,T,73486,46069646
2020.0,35-44 years,F,35996,21090324
2020.0,35-44 years,M,68494,21045868
2020.0,35-44 years,T,104490,42136192
2020.0,45-54 years,F,71298,20441441
2020.0,45-54 years,M,119844,19924692
2020.0,45-54 years,T,191142,40366133
2020.0,5-9 years,F,965,9890958
2020.0,5-9 years,M,1245,10346753
2020.0,5-9 years,T,2210,20237711
2020.0,55-64 years,F,169422,21914243
2020.0,55-64 years,M,271127,20489434
2020.0,55-64 years,T,440549,42403677
2020.0,65-74 years,F,282508,17365858
2020.0,65-74 years,M,391999,15183540
2020.0,65-74 years,T,674507,32549398
2020.0,75-84 years,F,393226,9228272
2020.0,75-84 years,M,428858,7223275
2020.0,75-84 years,T,822084,16451547
2020.0,85+ years,F,617885,Not Applicable
2020.0,85+ years,M,394920,Not Applicable
2020.0,85+ years,T,1012805,Not Applicable
2020.0,< 1 year,F,8723,1826869
2020.0,< 1 year,M,10859,1908141
2020.0,< 1 year,T,19582,3735010
2020.0,Not Stated,F,37,Not Applicable
2020.0,Not Stated,M,79,Not Applicable
2020.0,Not Stated,T,116,Not Applicable
2021.0,1-4 years,F,1711,7459995
2021.0,1-4 years,M,2105,7802850
2021.0,1-4 years,T,3816,15262845
2021.0,10-14 years,F,1450,10459561
2021.0,10-14 years,M,2119,10988223
2021.0,10-14 years,T,3569,21447784
2021.0,15-19 years,F,3703,10541690
2021.0,15-19 years,M,9704,11022976
2021.0,15-19 years,T,13407,21564666
2021.0,20-24 years,F,6693,10550759
2021.0,20-24 years,M,18207,10973238
2021.0,20-24 years,T,24900,21523997
2021.0,25-34 years,F,24364,22441743
2021.0,25-34 years,M,57910,23053362
2021.0,25-34 years,T,82274,45495105
2021.0,35-44 years,F,43350,21546241
2021.0,35-44 years,M,81589,21857613
2021.0,35-44 years,T,124939,43403854
2021.0,45-54 years,F,80263,20376477
2021.0,45-54 years,M,135774,20311959
2021.0,45-54 years,T,216037,40688436
2021.0,5-9 years,F,1031,9915390
2021.0,5-9 years,M,1375,10376158
2021.0,5-9 years,T,2406,20291548
2021.0,55-64 years,F,185210,21839746
2021.0,55-64 years,M,292961,20963318
2021.0,55-64 years,T,478171,42803064
2021.0,65-74 years,F,305325,17797036
2021.0,65-74 years,M,418941,15869086
2021.0,65-74 years,T,724266,33666122
2021.0,75-84 years,F,397264,9037561
2021.0,75-84 years,M,432389,7168514
2021.0,75-84 years,T,829653,16206075
2021.0,85+ years,F,566725,Not Applicable
2021.0,85+ years,M,374055,Not Applicable
2021.0,85+ years,T,940780,Not Applicable
2021.0,< 1 year,F,9011,1742991
2021.0,< 1 year,M,10909,1821502
2021.0,< 1 year,T,19920,3564493
2021.0,Not Stated,F,23,Not Applicable
2021.0,Not Stated,M,70,Not Applicable
2021.0,Not Stated,T,93,Not Applicable
2022.0,1-4 years,F,1803,7263012
2022.0,1-4 years,M,2353,7592228
2022.0,1-4 years,T,4156,14855240
2022.0,10-14 years,F,1508,10187986
2022.0,10-14 years,M,2164,10701853
2022.0,10-14 years,T,3672,20889839
2022.0,15-19 years,F,3565,10553749
2022.0,15-19 years,M,9180,11082043
2022.0,15-19 years,T,12745,21635792
2022.0,20-24 years,F,6030,11103791
2022.0,20-24 years,M,16457,11601988
2022.0,20-24 years,T,22487,22705779
2022.0,25-34 years,F,21858,22311738
2022.0,25-34 years,M,52511,23189562
2022.0,25-34 years,T,74369,45501300
2022.0,35-44 years,F,38119,21575176
2022.0,35-44 years,M,73486,22120189
2022.0,35-44 years,T,111605,43695365
2022.0,45-54 years,F,68437,20152015
2022.0,45-54 years,M,114847,20279630
2022.0,45-54 years,T,183284,40431645
2022.0,5-9 years,F,1144,9777249
2022.0,5-9 years,M,1423,10231946
2022.0,5-9 years,T,2567,20009195
2022.0,55-64 years,F,163263,21413534
2022.0,55-64 years,M,254278,20671903
2022.0,55-64 years,T,417541,42085437
2022.0,65-74 years,F,283596,17877767
2022.0,65-74 years,M,384985,15910672
2022.0,65-74 years,T,668581,33788439
2022.0,75-84 years,F,397396,9785700
2022.0,75-84 years,M,427507,7734845
2022.0,75-84 years,T,824903,17520545
2022.0,85+ years,F,564690,Not Applicable
2022.0,85+ years,M,368601,Not Applicable
2022.0,85+ years,T,933291,Not Applicable
2022.0,< 1 year,F,9182,1800246
2022.0,< 1 year,M,11371,1882867
2022.0,< 1 year,T,20553,3683113
2022.0,Not Stated,F,16,Not Applicable
2022.0,Not Stated,M,87,Not Applicable
2022.0,Not Stated,T,103,Not Applicable
2023.0,1-4 years,F,1730,7267615
2023.0,1-4 years,M,2329,7594891
2023.0,1-4 years,T,4059,14862506
2023.0,10-14 years,F,1380,10166646
2023.0,10-14 years,M,2123,10667918
2023.0,10-14 years,T,3503,20834564
2023.0,15-19 years,F,3507,10778845
2023.0,15-19 years,M,9270,11296635
2023.0,15-19 years,T,12777,22075480
2023.0,20-24 years,F,5536,10684361
2023.0,20-24 years,M,15398,11126811
2023.0,20-24 years,T,20934,21811172
2023.0,25-34 years,F,19616,22483329
2023.0,25-34 years,M,47833,23059187
2023.0,25-34 years,T,67449,45542516
2023.0,35-44 years,F,35522,22028457
2023.0,35-44 years,M,69814,22362236
2023.0,35-44 years,T,105336,44390693
2023.0,45-54 years,F,61893,20306672
2023.0,45-54 years,M,104880,20187109
2023.0,45-54 years,T,166773,40493781
2023.0,5-9 years,F,1107,9848037
2023.0,5-9 years,M,1395,10304720
2023.0,5-9 years,T,2502,20152757
2023.0,55-64 years,F,146890,21350566
2023.0,55-64 years,M,229644,20503845
2023.0,55-64 years,T,376534,41854411
2023.0,65-74 years,F,266363,18350204
2023.0,65-74 years,M,361317,16335080
2023.0,65-74 years,T,627680,34685284
2023.0,75-84 years,F,386472,10205598
2023.0,75-84 years,M,411716,8162499
2023.0,75-84 years,T,798188,18368097
2023.0,85+ years,F,534800,Not Applicable
2023.0,85+ years,M,350204,Not Applicable
2023.0,85+ years,T,885004,Not Applicable
2023.0,< 1 year,F,9038,1784146
2023.0,< 1 year,M,11107,1864508
2023.0,< 1 year,T,20145,3648654
2023.0,Not Stated,F,25,Not Applicable
2023.0,Not Stated,M,55,Not Applicable
2023.0,Not Stated,T,80,Not Applicable
2024.0,1-4 years,F,1657,7329381
2024.0,1-4 years,M,2186,7654335
2024.0,1-4 years,T,3843,14983716
2024.0,10-14 years,F,1393,10200006
2024.0,10-14 years,M,2015,10701148
2024.0,10-14 years,T,3408,20901154
2024.0,15-19 years,F,3168,10914056
2024.0,15-19 years,M,8238,11461769
2024.0,15-19 years,T,11406,22375825
2024.0,20-24 years,F,4857,10970121
2024.0,20-24 years,M,13690,11451815
2024.0,20-24 years,T,18547,22421936
2024.0,25-34 years,F,17176,22935413
2024.0,25-34 years,M,40651,23518451
2024.0,25-34 years,T,57827,46453864
2024.0,35-44 years,F,33337,22583276
2024.0,35-44 years,M,64093,22955948
2024.0,35-44 years,T,97430,45539224
2024.0,45-54 years,F,59127,20457911
2024.0,45-54 years,M,98643,20322445
2024.0,45-54 years,T,157770,40780356
2024.0,5-9 years,F,1146,9878030
2024.0,5-9 years,M,1386,10319642
2024.0,5-9 years,T,2532,20197672
2024.0,55-64 years,F,140834,21246717
2024.0,55-64 years,M,217362,20415008
2024.0,55-64 years,T,358196,41661725
2024.0,65-74 years,F,267060,18745293
2024.0,65-74 years,M,361356,16699669
2024.0,65-74 years,T,628416,35444962
2024.0,75-84 years,F,398335,10722882
2024.0,75-84 years,M,424609,8576931
2024.0,75-84 years,T,822944,19299813
2024.0,85+ years,F,535968,Not Applicable
2024.0,85+ years,M,354272,Not Applicable
2024.0,85+ years,T,890240,Not Applicable
2024.0,< 1 year,F,9149,1768890
2024.0,< 1 year,M,10901,1846708
2024.0,< 1 year,T,20050,3615598
2024.0,Not Stated,F,19,Not Applicable
2024.0,Not Stated,M,38,Not Applicable
2024.0,Not Stated,T,57,Not Applicable
