"Notes","Year","Year Code","Age Group","Age Group Code","Sex","Sex Code",Deaths,Population,Crude Rate
,"1979","1979","< 1 year","1","Female","F",19685,1703131,1155.812
,"1979","1979","< 1 year","1","Male","M",25980,1791267,1450.370
"Total","1979","1979","< 1 year","1",,,45665,3494398,1306.806
,"1979","1979","1-4 years","1-4","Female","F",3517,6174000,56.965
,"1979","1979","1-4 years","1-4","Male","M",4591,6463000,71.035
"Total","1979","1979","1-4 years","1-4",,,8108,12637000,64.161
,"1979","1979","5-9 years","5-9","Female","F",2099,8286000,25.332
,"1979","1979","5-9 years","5-9","Male","M",3179,8661000,36.705
"Total","1979","1979","5-9 years","5-9",,,5278,16947000,31.144
,"1979","1979","10-14 years","10-14","Female","F",2105,9031000,23.309
,"1979","1979","10-14 years","10-14","Male","M",3763,9414000,39.972
"Total","1979","1979","10-14 years","10-14",,,5868,18445000,31.813
,"1979","1979","15-19 years","15-19","Female","F",5538,10498000,52.753
,"1979","1979","15-19 years","15-19","Male","M",15547,10850000,143.290
"Total","1979","1979","15-19 years","15-19",,,21085,21348000,98.768
,"1979","1979","20-24 years","20-24","Female","F",6580,10541000,62.423
,"1979","1979","20-24 years","20-24","Male","M",21054,10555000,199.469
"Total","1979","1979","20-24 years","20-24",,,27634,21096000,130.992
,"1979","1979","25-34 years","25-34","Female","F",13595,18176000,74.796
,"1979","1979","25-34 years","25-34","Male","M",34346,17862000,192.285
"Total","1979","1979","25-34 years","25-34",,,47941,36038000,133.029
,"1979","1979","35-44 years","35-44","Female","F",20666,12801000,161.441
,"1979","1979","35-44 years","35-44","Male","M",37057,12313000,300.958
"Total","1979","1979","35-44 years","35-44",,,57723,25114000,229.844
,"1979","1979","45-54 years","45-54","Female","F",49062,11868000,413.397
,"1979","1979","45-54 years","45-54","Male","M",86203,11067000,778.919
"Total","1979","1979","45-54 years","45-54",,,135265,22935000,589.775
,"1979","1979","55-64 years","55-64","Female","F",104678,11407000,917.665
,"1979","1979","55-64 years","55-64","Male","M",182288,10041000,1815.437
"Total","1979","1979","55-64 years","55-64",,,286966,21448000,1337.962
,"1979","1979","65-74 years","65-74","Female","F",180084,8690000,2072.313
,"1979","1979","65-74 years","65-74","Male","M",269171,6648000,4048.902
"Total","1979","1979","65-74 years","65-74",,,449255,15338000,2929.032
,"1979","1979","75-84 years","75-84","Female","F",251360,4769000,5270.707
,"1979","1979","75-84 years","75-84","Male","M",242316,2829000,8565.429
"Total","1979","1979","75-84 years","75-84",,,493676,7598000,6497.447
,"1979","1979","85+ years","85+","Female","F",209719,1521000,13788.231
,"1979","1979","85+ years","85+","Male","M",119006,676000,17604.438
"Total","1979","1979","85+ years","85+",,,328725,2197000,14962.449
,"1979","1979","Not Stated","NS","Female","F",194,Not Applicable,Not Applicable
,"1979","1979","Not Stated","NS","Male","M",458,Not Applicable,Not Applicable
"Total","1979","1979","Not Stated","NS",,,652,Not Applicable,Not Applicable
"Total","1979","1979",,,,,1913841,224635398,851.977
,"1980","1980","< 1 year","1","Female","F",19722,1759642,1120.796
,"1980","1980","< 1 year","1","Male","M",25804,1852616,1392.841
"Total","1980","1980","< 1 year","1",,,45526,3612258,1260.320
,"1980","1980","1-4 years","1-4","Female","F",3426,6258891,54.738
,"1980","1980","1-4 years","1-4","Male","M",4761,6555671,72.624
"Total","1980","1980","1-4 years","1-4",,,8187,12814562,63.888
,"1980","1980","5-9 years","5-9","Female","F",2086,8160876,25.561
,"1980","1980","5-9 years","5-9","Male","M",2989,8539080,35.004
"Total","1980","1980","5-9 years","5-9",,,5075,16699956,30.389
,"1980","1980","10-14 years","10-14","Female","F",2043,8925908,22.888
,"1980","1980","10-14 years","10-14","Male","M",3571,9316221,38.331
"Total","1980","1980","10-14 years","10-14",,,5614,18242129,30.775
,"1980","1980","15-19 years","15-19","Female","F",5526,10412715,53.070
,"1980","1980","15-19 years","15-19","Male","M",15207,10755409,141.389
"Total","1980","1980","15-19 years","15-19",,,20733,21168124,97.944
,"1980","1980","20-24 years","20-24","Female","F",6598,10655473,61.921
,"1980","1980","20-24 years","20-24","Male","M",21696,10663231,203.466
"Total","1980","1980","20-24 years","20-24",,,28294,21318704,132.719
,"1980","1980","25-34 years","25-34","Female","F",14200,18699936,75.936
,"1980","1980","25-34 years","25-34","Male","M",36040,18381903,196.062
"Total","1980","1980","25-34 years","25-34",,,50240,37081839,135.484
,"1980","1980","35-44 years","35-44","Female","F",20806,13064991,159.250
,"1980","1980","35-44 years","35-44","Male","M",37612,12569719,299.227
"Total","1980","1980","35-44 years","35-44",,,58418,25634710,227.886
,"1980","1980","45-54 years","45-54","Female","F",48685,11790868,412.904
,"1980","1980","45-54 years","45-54","Male","M",84472,11008919,767.305
"Total","1980","1980","45-54 years","45-54",,,133157,22799787,584.027
,"1980","1980","55-64 years","55-64","Female","F",107919,11551120,934.273
,"1980","1980","55-64 years","55-64","Male","M",184262,10151755,1815.075
"Total","1980","1980","55-64 years","55-64",,,292181,21702875,1346.278
,"1980","1980","65-74 years","65-74","Female","F",189250,8824103,2144.694
,"1980","1980","65-74 years","65-74","Male","M",277371,6756502,4105.246
"Total","1980","1980","65-74 years","65-74",,,466621,15580605,2994.884
,"1980","1980","75-84 years","75-84","Female","F",264492,4861867,5440.132
,"1980","1980","75-84 years","75-84","Male","M",252765,2866888,8816.703
"Total","1980","1980","75-84 years","75-84",,,517257,7728755,6692.630
,"1980","1980","85+ years","85+","Female","F",229836,1558542,14746.860
,"1980","1980","85+ years","85+","Male","M",128134,681525,18801.071
"Total","1980","1980","85+ years","85+",,,357970,2240067,15980.326
,"1980","1980","Not Stated","NS","Female","F",174,Not Applicable,Not Applicable
,"1980","1980","Not Stated","NS","Male","M",394,Not Applicable,Not Applicable
"Total","1980","1980","Not Stated","NS",,,568,Not Applicable,Not Applicable
"Total","1980","1980",,,,,1989841,226624371,878.035
,"1981","1981","< 1 year","1","Female","F",18853,1768966,1065.764
,"1981","1981","< 1 year","1","Male","M",24452,1860272,1314.431
"Total","1981","1981","< 1 year","1",,,43305,3629238,1193.226
,"1981","1981","1-4 years","1-4","Female","F",3446,6490885,53.090
,"1981","1981","1-4 years","1-4","Male","M",4600,6794394,67.703
"Total","1981","1981","1-4 years","1-4",,,8046,13285279,60.563
,"1981","1981","5-9 years","5-9","Female","F",1850,7845656,23.580
,"1981","1981","5-9 years","5-9","Male","M",2821,8214465,34.342
"Total","1981","1981","5-9 years","5-9",,,4671,16060121,29.084
,"1981","1981","10-14 years","10-14","Female","F",1972,8948747,22.037
,"1981","1981","10-14 years","10-14","Male","M",3435,9351660,36.731
"Total","1981","1981","10-14 years","10-14",,,5407,18300407,29.546
,"1981","1981","15-19 years","15-19","Female","F",5025,10095868,49.773
,"1981","1981","15-19 years","15-19","Male","M",13460,10444689,128.869
"Total","1981","1981","15-19 years","15-19",,,18485,20540557,89.993
,"1981","1981","20-24 years","20-24","Female","F",6389,10804949,59.130
,"1981","1981","20-24 years","20-24","Male","M",20235,10857895,186.362
"Total","1981","1981","20-24 years","20-24",,,26624,21662844,122.902
,"1981","1981","25-34 years","25-34","Female","F",14514,19582346,74.118
,"1981","1981","25-34 years","25-34","Male","M",36739,19318175,190.178
"Total","1981","1981","25-34 years","25-34",,,51253,38900521,131.754
,"1981","1981","35-44 years","35-44","Female","F",20633,13442887,153.486
,"1981","1981","35-44 years","35-44","Male","M",37905,12951503,292.669
"Total","1981","1981","35-44 years","35-44",,,58538,26394390,221.782
,"1981","1981","45-54 years","45-54","Female","F",47363,11653224,406.437
,"1981","1981","45-54 years","45-54","Male","M",81870,10926311,749.292
"Total","1981","1981","45-54 years","45-54",,,129233,22579535,572.346
,"1981","1981","55-64 years","55-64","Female","F",108124,11663739,927.010
,"1981","1981","55-64 years","55-64","Male","M",181885,10250084,1774.473
"Total","1981","1981","55-64 years","55-64",,,290009,21913823,1323.407
,"1981","1981","65-74 years","65-74","Female","F",189098,9000646,2100.938
,"1981","1981","65-74 years","65-74","Male","M",275550,6889224,3999.725
"Total","1981","1981","65-74 years","65-74",,,464648,15889870,2924.177
,"1981","1981","75-84 years","75-84","Female","F",262128,5023449,5218.088
,"1981","1981","75-84 years","75-84","Male","M",252521,2958303,8536.009
"Total","1981","1981","75-84 years","75-84",,,514649,7981752,6447.820
,"1981","1981","85+ years","85+","Female","F",234625,1648643,14231.401
,"1981","1981","85+ years","85+","Male","M",127874,700532,18253.841
"Total","1981","1981","85+ years","85+",,,362499,2349175,15430.907
,"1981","1981","Not Stated","NS","Female","F",189,Not Applicable,Not Applicable
,"1981","1981","Not Stated","NS","Male","M",425,Not Applicable,Not Applicable
"Total","1981","1981","Not Stated","NS",,,614,Not Applicable,Not Applicable
"Total","1981","1981",,,,,1977981,229487512,861.912
,"1982","1982","< 1 year","1","Female","F",18328,1794861,1021.138
,"1982","1982","< 1 year","1","Male","M",24073,1885676,1276.624
"Total","1982","1982","< 1 year","1",,,42401,3680537,1152.033
,"1982","1982","1-4 years","1-4","Female","F",3462,6638542,52.150
,"1982","1982","1-4 years","1-4","Male","M",4448,6945717,64.039
"Total","1982","1982","1-4 years","1-4",,,7910,13584259,58.229
,"1982","1982","5-9 years","5-9","Female","F",1828,7791204,23.462
,"1982","1982","5-9 years","5-9","Male","M",2686,8166741,32.889
"Total","1982","1982","5-9 years","5-9",,,4514,15957945,28.287
,"1982","1982","10-14 years","10-14","Female","F",1874,8867238,21.134
,"1982","1982","10-14 years","10-14","Male","M",3237,9277340,34.891
"Total","1982","1982","10-14 years","10-14",,,5111,18144578,28.168
,"1982","1982","15-19 years","15-19","Female","F",4517,9808532,46.052
,"1982","1982","15-19 years","15-19","Male","M",12524,10153152,123.351
"Total","1982","1982","15-19 years","15-19",,,17041,19961684,85.369
,"1982","1982","20-24 years","20-24","Female","F",6078,10804754,56.253
,"1982","1982","20-24 years","20-24","Male","M",18852,10877379,173.314
"Total","1982","1982","20-24 years","20-24",,,24930,21682133,114.979
,"1982","1982","25-34 years","25-34","Female","F",13948,19822196,70.366
,"1982","1982","25-34 years","25-34","Male","M",35362,19595060,180.464
"Total","1982","1982","25-34 years","25-34",,,49310,39417256,125.097
,"1982","1982","35-44 years","35-44","Female","F",20650,14264293,144.767
,"1982","1982","35-44 years","35-44","Male","M",37655,13766057,273.535
"Total","1982","1982","35-44 years","35-44",,,58305,28030350,208.007
,"1982","1982","45-54 years","45-54","Female","F",45082,11556574,390.098
,"1982","1982","45-54 years","45-54","Male","M",78007,10868735,717.719
"Total","1982","1982","45-54 years","45-54",,,123089,22425309,548.884
,"1982","1982","55-64 years","55-64","Female","F",107692,11722330,918.691
,"1982","1982","55-64 years","55-64","Male","M",179322,10307563,1739.713
"Total","1982","1982","55-64 years","55-64",,,287014,22029893,1302.839
,"1982","1982","65-74 years","65-74","Female","F",190462,9145145,2082.657
,"1982","1982","65-74 years","65-74","Male","M",275358,7002755,3932.138
"Total","1982","1982","65-74 years","65-74",,,465820,16147900,2884.709
,"1982","1982","75-84 years","75-84","Female","F",266022,5164276,5151.196
,"1982","1982","75-84 years","75-84","Male","M",255937,3038598,8422.865
"Total","1982","1982","75-84 years","75-84",,,521959,8202874,6363.123
,"1982","1982","85+ years","85+","Female","F",238163,1720093,13845.937
,"1982","1982","85+ years","85+","Male","M",128564,716614,17940.481
"Total","1982","1982","85+ years","85+",,,366727,2436707,15050.107
,"1982","1982","Not Stated","NS","Female","F",251,Not Applicable,Not Applicable
,"1982","1982","Not Stated","NS","Male","M",415,Not Applicable,Not Applicable
"Total","1982","1982","Not Stated","NS",,,666,Not Applicable,Not Applicable
"Total","1982","1982",,,,,1974797,231701425,852.302
,"1983","1983","< 1 year","1","Female","F",17658,1773380,995.726
,"1983","1983","< 1 year","1","Male","M",22969,1865553,1231.217
"Total","1983","1983","< 1 year","1",,,40627,3638933,1116.454
,"1983","1983","1-4 years","1-4","Female","F",3289,6792063,48.424
,"1983","1983","1-4 years","1-4","Male","M",4512,7105636,63.499
"Total","1983","1983","1-4 years","1-4",,,7801,13897699,56.132
,"1983","1983","5-9 years","5-9","Female","F",1727,7835186,22.042
,"1983","1983","5-9 years","5-9","Male","M",2532,8218065,30.810
"Total","1983","1983","5-9 years","5-9",,,4259,16053251,26.530
,"1983","1983","10-14 years","10-14","Female","F",1761,8729904,20.172
,"1983","1983","10-14 years","10-14","Male","M",3123,9138622,34.174
"Total","1983","1983","10-14 years","10-14",,,4884,17868526,27.333
,"1983","1983","15-19 years","15-19","Female","F",4355,9514903,45.770
,"1983","1983","15-19 years","15-19","Male","M",11362,9873058,115.081
"Total","1983","1983","15-19 years","15-19",,,15717,19387961,81.066
,"1983","1983","20-24 years","20-24","Female","F",5880,10762107,54.636
,"1983","1983","20-24 years","20-24","Male","M",17485,10870176,160.853
"Total","1983","1983","20-24 years","20-24",,,23365,21632283,108.010
,"1983","1983","25-34 years","25-34","Female","F",13934,20196644,68.992
,"1983","1983","25-34 years","25-34","Male","M",34848,20011113,174.143
"Total","1983","1983","25-34 years","25-34",,,48782,40207757,121.325
,"1983","1983","35-44 years","35-44","Female","F",20961,14885248,140.817
,"1983","1983","35-44 years","35-44","Male","M",38388,14382059,266.916
"Total","1983","1983","35-44 years","35-44",,,59349,29267307,202.783
,"1983","1983","45-54 years","45-54","Female","F",44495,11507048,386.676
,"1983","1983","45-54 years","45-54","Male","M",75398,10848423,695.013
"Total","1983","1983","45-54 years","45-54",,,119893,22355471,536.303
,"1983","1983","55-64 years","55-64","Female","F",109132,11759260,928.052
,"1983","1983","55-64 years","55-64","Male","M",179808,10352622,1736.835
"Total","1983","1983","55-64 years","55-64",,,288940,22111882,1306.718
,"1983","1983","65-74 years","65-74","Female","F",194706,9287321,2096.471
,"1983","1983","65-74 years","65-74","Male","M",279674,7126115,3924.635
"Total","1983","1983","65-74 years","65-74",,,474380,16413436,2890.193
,"1983","1983","75-84 years","75-84","Female","F",274457,5307864,5170.762
,"1983","1983","75-84 years","75-84","Male","M",266761,3120938,8547.462
"Total","1983","1983","75-84 years","75-84",,,541218,8428802,6421.055
,"1983","1983","85+ years","85+","Female","F",254712,1786108,14260.728
,"1983","1983","85+ years","85+","Male","M",134651,732327,18386.732
"Total","1983","1983","85+ years","85+",,,389363,2518435,15460.514
,"1983","1983","Not Stated","NS","Female","F",211,Not Applicable,Not Applicable
,"1983","1983","Not Stated","NS","Male","M",412,Not Applicable,Not Applicable
"Total","1983","1983","Not Stated","NS",,,623,Not Applicable,Not Applicable
"Total","1983","1983",,,,,2019201,233781743,863.712
,"1984","1984","< 1 year","1","Female","F",17221,1789651,962.255
,"1984","1984","< 1 year","1","Male","M",22359,1879490,1189.631
"Total","1984","1984","< 1 year","1",,,39580,3669141,1078.727
,"1984","1984","1-4 years","1-4","Female","F",3230,6900287,46.810
,"1984","1984","1-4 years","1-4","Male","M",4142,7222717,57.347
"Total","1984","1984","1-4 years","1-4",,,7372,14123004,52.199
,"1984","1984","5-9 years","5-9","Female","F",1660,7974670,20.816
,"1984","1984","5-9 years","5-9","Male","M",2480,8363255,29.654
"Total","1984","1984","5-9 years","5-9",,,4140,16337925,25.340
,"1984","1984","10-14 years","10-14","Female","F",1831,8520132,21.490
,"1984","1984","10-14 years","10-14","Male","M",3105,8930143,34.770
"Total","1984","1984","10-14 years","10-14",,,4936,17450275,28.286
,"1984","1984","15-19 years","15-19","Female","F",4285,9287144,46.139
,"1984","1984","15-19 years","15-19","Male","M",10928,9643487,113.320
"Total","1984","1984","15-19 years","15-19",,,15213,18930631,80.362
,"1984","1984","20-24 years","20-24","Female","F",5872,10686729,54.947
,"1984","1984","20-24 years","20-24","Male","M",17732,10842654,163.539
"Total","1984","1984","20-24 years","20-24",,,23604,21529383,109.636
,"1984","1984","25-34 years","25-34","Female","F",14161,20551865,68.904
,"1984","1984","25-34 years","25-34","Male","M",35767,20409888,175.243
"Total","1984","1984","25-34 years","25-34",,,49928,40961753,121.889
,"1984","1984","35-44 years","35-44","Female","F",21969,15505540,141.685
,"1984","1984","35-44 years","35-44","Male","M",40587,14997393,270.627
"Total","1984","1984","35-44 years","35-44",,,62556,30502933,205.082
,"1984","1984","45-54 years","45-54","Female","F",43382,11510370,376.895
,"1984","1984","45-54 years","45-54","Male","M",73831,10875053,678.902
"Total","1984","1984","45-54 years","45-54",,,117213,22385423,523.613
,"1984","1984","55-64 years","55-64","Female","F",108739,11772191,923.694
,"1984","1984","55-64 years","55-64","Male","M",178616,10381976,1720.443
"Total","1984","1984","55-64 years","55-64",,,287355,22154167,1297.070
,"1984","1984","65-74 years","65-74","Female","F",197192,9401244,2097.510
,"1984","1984","65-74 years","65-74","Male","M",279378,7225345,3866.639
"Total","1984","1984","65-74 years","65-74",,,476570,16626589,2866.313
,"1984","1984","75-84 years","75-84","Female","F",280475,5452349,5144.113
,"1984","1984","75-84 years","75-84","Male","M",270437,3203928,8440.795
"Total","1984","1984","75-84 years","75-84",,,550912,8656277,6364.307
,"1984","1984","85+ years","85+","Female","F",262667,1847799,14215.128
,"1984","1984","85+ years","85+","Male","M",136799,746842,18316.993
"Total","1984","1984","85+ years","85+",,,399466,2594641,15395.810
,"1984","1984","Not Stated","NS","Female","F",171,Not Applicable,Not Applicable
,"1984","1984","Not Stated","NS","Male","M",353,Not Applicable,Not Applicable
"Total","1984","1984","Not Stated","NS",,,524,Not Applicable,Not Applicable
"Total","1984","1984",,,,,2039369,235922142,864.425
,"1985","1985","< 1 year","1","Female","F",17072,1832578,931.584
,"1985","1985","< 1 year","1","Male","M",22958,1927983,1190.778
"Total","1985","1985","< 1 year","1",,,40030,3760561,1064.469
,"1985","1985","1-4 years","1-4","Female","F",3098,6918279,44.780
,"1985","1985","1-4 years","1-4","Male","M",4241,7244701,58.539
"Total","1985","1985","1-4 years","1-4",,,7339,14162980,51.818
,"1985","1985","5-9 years","5-9","Female","F",1738,8136717,21.360
,"1985","1985","5-9 years","5-9","Male","M",2430,8528140,28.494
"Total","1985","1985","5-9 years","5-9",,,4168,16664857,25.011
,"1985","1985","10-14 years","10-14","Female","F",1710,8308864,20.580
,"1985","1985","10-14 years","10-14","Male","M",3055,8718569,35.040
"Total","1985","1985","10-14 years","10-14",,,4765,17027433,27.984
,"1985","1985","15-19 years","15-19","Female","F",4237,9174206,46.184
,"1985","1985","15-19 years","15-19","Male","M",10831,9553032,113.378
"Total","1985","1985","15-19 years","15-19",,,15068,18727238,80.460
,"1985","1985","20-24 years","20-24","Female","F",5536,10541496,52.516
,"1985","1985","20-24 years","20-24","Male","M",17331,10723109,161.623
"Total","1985","1985","20-24 years","20-24",,,22867,21264605,107.536
,"1985","1985","25-34 years","25-34","Female","F",14498,20903468,69.357
,"1985","1985","25-34 years","25-34","Male","M",37354,20792955,179.647
"Total","1985","1985","25-34 years","25-34",,,51852,41696423,124.356
,"1985","1985","35-44 years","35-44","Female","F",22321,16097038,138.665
,"1985","1985","35-44 years","35-44","Male","M",43494,15593976,278.915
"Total","1985","1985","35-44 years","35-44",,,65815,31691014,207.677
,"1985","1985","45-54 years","45-54","Female","F",43314,11542762,375.248
,"1985","1985","45-54 years","45-54","Male","M",73320,10916542,671.641
"Total","1985","1985","45-54 years","45-54",,,116634,22459304,519.313
,"1985","1985","55-64 years","55-64","Female","F",108769,11751158,925.602
,"1985","1985","55-64 years","55-64","Male","M",177711,10383963,1711.399
"Total","1985","1985","55-64 years","55-64",,,286480,22135121,1294.233
,"1985","1985","65-74 years","65-74","Female","F",199629,9519833,2096.980
,"1985","1985","65-74 years","65-74","Male","M",283017,7338827,3856.434
"Total","1985","1985","65-74 years","65-74",,,482646,16858660,2862.897
,"1985","1985","75-84 years","75-84","Female","F",288976,5598128,5162.011
,"1985","1985","75-84 years","75-84","Male","M",279872,3292119,8501.272
"Total","1985","1985","75-84 years","75-84",,,568848,8890247,6398.562
,"1985","1985","85+ years","85+","Female","F",277398,1905928,14554.485
,"1985","1985","85+ years","85+","Male","M",141653,761344,18605.650
"Total","1985","1985","85+ years","85+",,,419051,2667272,15710.846
,"1985","1985","Not Stated","NS","Female","F",386,Not Applicable,Not Applicable
,"1985","1985","Not Stated","NS","Male","M",491,Not Applicable,Not Applicable
"Total","1985","1985","Not Stated","NS",,,877,Not Applicable,Not Applicable
"Total","1985","1985",,,,,2086440,238005715,876.634
,"1986","1986","< 1 year","1","Female","F",16667,1831679,909.930
,"1986","1986","< 1 year","1","Male","M",22224,1924868,1154.573
"Total","1986","1986","< 1 year","1",,,38891,3756547,1035.286
,"1986","1986","1-4 years","1-4","Female","F",3218,6966601,46.192
,"1986","1986","1-4 years","1-4","Male","M",4262,7296348,58.413
"Total","1986","1986","1-4 years","1-4",,,7480,14262949,52.444
,"1986","1986","5-9 years","5-9","Female","F",1645,8347837,19.706
,"1986","1986","5-9 years","5-9","Male","M",2437,8750561,27.850
"Total","1986","1986","5-9 years","5-9",,,4082,17098398,23.874
,"1986","1986","10-14 years","10-14","Female","F",1640,8039045,20.400
,"1986","1986","10-14 years","10-14","Male","M",3066,8435189,36.348
"Total","1986","1986","10-14 years","10-14",,,4706,16474234,28.566
,"1986","1986","15-19 years","15-19","Female","F",4438,9205787,48.209
,"1986","1986","15-19 years","15-19","Male","M",11786,9606788,122.684
"Total","1986","1986","15-19 years","15-19",,,16224,18812575,86.240
,"1986","1986","20-24 years","20-24","Female","F",5657,10258416,55.145
,"1986","1986","20-24 years","20-24","Male","M",18048,10485643,172.121
"Total","1986","1986","20-24 years","20-24",,,23705,20744059,114.274
,"1986","1986","25-34 years","25-34","Female","F",15304,21217620,72.129
,"1986","1986","25-34 years","25-34","Male","M",41226,21154090,194.884
"Total","1986","1986","25-34 years","25-34",,,56530,42371710,133.414
,"1986","1986","35-44 years","35-44","Female","F",23470,16748457,140.132
,"1986","1986","35-44 years","35-44","Male","M",46923,16260538,288.570
"Total","1986","1986","35-44 years","35-44",,,70393,33008995,213.254
,"1986","1986","45-54 years","45-54","Female","F",42822,11632806,368.114
,"1986","1986","45-54 years","45-54","Male","M",72339,11026121,656.069
"Total","1986","1986","45-54 years","45-54",,,115161,22658927,508.237
,"1986","1986","55-64 years","55-64","Female","F",106698,11674307,913.956
,"1986","1986","55-64 years","55-64","Male","M",172331,10319584,1669.941
"Total","1986","1986","55-64 years","55-64",,,279029,21993891,1268.666
,"1986","1986","65-74 years","65-74","Female","F",202493,9662377,2095.685
,"1986","1986","65-74 years","65-74","Male","M",283046,7474882,3786.628
"Total","1986","1986","65-74 years","65-74",,,485539,17137259,2833.236
,"1986","1986","75-84 years","75-84","Female","F",292318,5744885,5088.318
,"1986","1986","75-84 years","75-84","Male","M",282831,3383405,8359.360
"Total","1986","1986","75-84 years","75-84",,,575149,9128290,6300.731
,"1986","1986","85+ years","85+","Female","F",284520,1963279,14492.082
,"1986","1986","85+ years","85+","Male","M",142953,778769,18356.278
"Total","1986","1986","85+ years","85+",,,427473,2742048,15589.552
,"1986","1986","Not Stated","NS","Female","F",466,Not Applicable,Not Applicable
,"1986","1986","Not Stated","NS","Male","M",533,Not Applicable,Not Applicable
"Total","1986","1986","Not Stated","NS",,,999,Not Applicable,Not Applicable
"Total","1986","1986",,,,,2105361,240189882,876.540
,"1987","1987","< 1 year","1","Female","F",16610,1858241,893.856
,"1987","1987","< 1 year","1","Male","M",21798,1951153,1117.186
"Total","1987","1987","< 1 year","1",,,38408,3809394,1008.244
,"1987","1987","1-4 years","1-4","Female","F",3212,7007197,45.839
,"1987","1987","1-4 years","1-4","Male","M",4261,7341730,58.038
"Total","1987","1987","1-4 years","1-4",,,7473,14348927,52.081
,"1987","1987","5-9 years","5-9","Female","F",1665,8511896,19.561
,"1987","1987","5-9 years","5-9","Male","M",2636,8918362,29.557
"Total","1987","1987","5-9 years","5-9",,,4301,17430258,24.675
,"1987","1987","10-14 years","10-14","Female","F",1499,7987344,18.767
,"1987","1987","10-14 years","10-14","Male","M",2943,8389502,35.080
"Total","1987","1987","10-14 years","10-14",,,4442,16376846,27.124
,"1987","1987","15-19 years","15-19","Female","F",4362,9138902,47.730
,"1987","1987","15-19 years","15-19","Male","M",11253,9559404,117.717
"Total","1987","1987","15-19 years","15-19",,,15615,18698306,83.510
,"1987","1987","20-24 years","20-24","Female","F",5430,9971218,54.457
,"1987","1987","20-24 years","20-24","Male","M",16978,10220330,166.120
"Total","1987","1987","20-24 years","20-24",,,22408,20191548,110.977
,"1987","1987","25-34 years","25-34","Female","F",15968,21441678,74.472
,"1987","1987","25-34 years","25-34","Male","M",41733,21398934,195.024
"Total","1987","1987","25-34 years","25-34",,,57701,42840612,134.688
,"1987","1987","35-44 years","35-44","Female","F",24114,17349528,138.989
,"1987","1987","35-44 years","35-44","Male","M",49349,16876881,292.406
"Total","1987","1987","35-44 years","35-44",,,73463,34226409,214.638
,"1987","1987","45-54 years","45-54","Female","F",43063,11843525,363.600
,"1987","1987","45-54 years","45-54","Male","M",72857,11252355,647.482
"Total","1987","1987","45-54 years","45-54",,,115920,23095880,501.908
,"1987","1987","55-64 years","55-64","Female","F",104922,11536984,909.440
,"1987","1987","55-64 years","55-64","Male","M",168402,10213704,1648.785
"Total","1987","1987","55-64 years","55-64",,,273324,21750688,1256.622
,"1987","1987","65-74 years","65-74","Female","F",203046,9812004,2069.363
,"1987","1987","65-74 years","65-74","Male","M",283057,7614676,3717.256
"Total","1987","1987","65-74 years","65-74",,,486103,17426680,2789.418
,"1987","1987","75-84 years","75-84","Female","F",297384,5894563,5045.056
,"1987","1987","75-84 years","75-84","Male","M",286951,3481893,8241.235
"Total","1987","1987","75-84 years","75-84",,,584335,9376456,6231.939
,"1987","1987","85+ years","85+","Female","F",293917,2024809,14515.789
,"1987","1987","85+ years","85+","Male","M",145331,798221,18206.863
"Total","1987","1987","85+ years","85+",,,439248,2823030,15559.452
,"1987","1987","Not Stated","NS","Female","F",173,Not Applicable,Not Applicable
,"1987","1987","Not Stated","NS","Male","M",409,Not Applicable,Not Applicable
"Total","1987","1987","Not Stated","NS",,,582,Not Applicable,Not Applicable
"Total","1987","1987",,,,,2123323,242395034,875.976
,"1988","1988","< 1 year","1","Female","F",16903,1907086,886.326
,"1988","1988","< 1 year","1","Male","M",22007,2002424,1099.018
"Total","1988","1988","< 1 year","1",,,38910,3909510,995.265
,"1988","1988","1-4 years","1-4","Female","F",3208,7051157,45.496
,"1988","1988","1-4 years","1-4","Male","M",4221,7387732,57.135
"Total","1988","1988","1-4 years","1-4",,,7429,14438889,51.451
,"1988","1988","5-9 years","5-9","Female","F",1783,8670823,20.563
,"1988","1988","5-9 years","5-9","Male","M",2574,9088479,28.322
"Total","1988","1988","5-9 years","5-9",,,4357,17759302,24.534
,"1988","1988","10-14 years","10-14","Female","F",1661,8043473,20.650
,"1988","1988","10-14 years","10-14","Male","M",2907,8452764,34.391
"Total","1988","1988","10-14 years","10-14",,,4568,16496237,27.691
,"1988","1988","15-19 years","15-19","Female","F",4344,9029012,48.112
,"1988","1988","15-19 years","15-19","Male","M",11687,9467329,123.446
"Total","1988","1988","15-19 years","15-19",,,16031,18496341,86.671
,"1988","1988","20-24 years","20-24","Female","F",5292,9689480,54.616
,"1988","1988","20-24 years","20-24","Male","M",16844,9965057,169.031
"Total","1988","1988","20-24 years","20-24",,,22136,19654537,112.625
,"1988","1988","25-34 years","25-34","Female","F",16152,21582974,74.837
,"1988","1988","25-34 years","25-34","Male","M",42985,21547159,199.493
"Total","1988","1988","25-34 years","25-34",,,59137,43130133,137.113
,"1988","1988","35-44 years","35-44","Female","F",25020,17818057,140.419
,"1988","1988","35-44 years","35-44","Male","M",52434,17362379,301.998
"Total","1988","1988","35-44 years","35-44",,,77454,35180436,220.162
,"1988","1988","45-54 years","45-54","Female","F",43557,12268198,355.040
,"1988","1988","45-54 years","45-54","Male","M",73915,11681050,632.777
"Total","1988","1988","45-54 years","45-54",,,117472,23949248,490.504
,"1988","1988","55-64 years","55-64","Female","F",104381,11399649,915.651
,"1988","1988","55-64 years","55-64","Male","M",165368,10114072,1635.029
"Total","1988","1988","55-64 years","55-64",,,269749,21513721,1253.846
,"1988","1988","65-74 years","65-74","Female","F",204644,9916415,2063.689
,"1988","1988","65-74 years","65-74","Male","M",283901,7709890,3682.296
"Total","1988","1988","65-74 years","65-74",,,488545,17626305,2771.681
,"1988","1988","75-84 years","75-84","Female","F",307193,6034290,5090.789
,"1988","1988","75-84 years","75-84","Male","M",294721,3577752,8237.603
"Total","1988","1988","75-84 years","75-84",,,601914,9612042,6262.083
,"1988","1988","85+ years","85+","Female","F",308151,2075041,14850.357
,"1988","1988","85+ years","85+","Male","M",151559,810219,18705.930
"Total","1988","1988","85+ years","85+",,,459710,2885260,15933.053
,"1988","1988","Not Stated","NS","Female","F",170,Not Applicable,Not Applicable
,"1988","1988","Not Stated","NS","Male","M",417,Not Applicable,Not Applicable
"Total","1988","1988","Not Stated","NS",,,587,Not Applicable,Not Applicable
"Total","1988","1988",,,,,2167999,244651961,886.156
,"1989","1989","< 1 year","1","Female","F",17294,1971468,877.214
,"1989","1989","< 1 year","1","Male","M",22361,2069490,1080.508
"Total","1989","1989","< 1 year","1",,,39655,4040958,981.327
,"1989","1989","1-4 years","1-4","Female","F",3182,7153514,44.482
,"1989","1989","1-4 years","1-4","Male","M",4110,7496118,54.828
"Total","1989","1989","1-4 years","1-4",,,7292,14649632,49.776
,"1989","1989","5-9 years","5-9","Female","F",1803,8746388,20.614
,"1989","1989","5-9 years","5-9","Male","M",2510,9170405,27.371
"Total","1989","1989","5-9 years","5-9",,,4313,17916793,24.072
,"1989","1989","10-14 years","10-14","Female","F",1687,8191011,20.596
,"1989","1989","10-14 years","10-14","Male","M",2914,8605825,33.861
"Total","1989","1989","10-14 years","10-14",,,4601,16796836,27.392
,"1989","1989","15-19 years","15-19","Female","F",4307,8840332,48.720
,"1989","1989","15-19 years","15-19","Male","M",11263,9292771,121.202
"Total","1989","1989","15-19 years","15-19",,,15570,18133103,85.865
,"1989","1989","20-24 years","20-24","Female","F",5016,9473382,52.948
,"1989","1989","20-24 years","20-24","Male","M",15902,9784274,162.526
"Total","1989","1989","20-24 years","20-24",,,20918,19257656,108.622
,"1989","1989","25-34 years","25-34","Female","F",16370,21629965,75.682
,"1989","1989","25-34 years","25-34","Male","M",44154,21606423,204.356
"Total","1989","1989","25-34 years","25-34",,,60524,43236388,139.984
,"1989","1989","35-44 years","35-44","Female","F",25591,18423038,138.908
,"1989","1989","35-44 years","35-44","Male","M",55328,17991414,307.524
"Total","1989","1989","35-44 years","35-44",,,80919,36414452,222.217
,"1989","1989","45-54 years","45-54","Female","F",43443,12611528,344.471
,"1989","1989","45-54 years","45-54","Male","M",74823,12021662,622.401
"Total","1989","1989","45-54 years","45-54",,,118266,24633190,480.108
,"1989","1989","55-64 years","55-64","Female","F",100449,11238141,893.822
,"1989","1989","55-64 years","55-64","Male","M",159609,10002857,1595.634
"Total","1989","1989","55-64 years","55-64",,,260058,21240998,1224.321
,"1989","1989","65-74 years","65-74","Female","F",202818,10040330,2020.033
,"1989","1989","65-74 years","65-74","Male","M",278406,7823772,3558.463
"Total","1989","1989","65-74 years","65-74",,,481224,17864102,2693.805
,"1989","1989","75-84 years","75-84","Female","F",306536,6171797,4966.722
,"1989","1989","75-84 years","75-84","Male","M",292670,3678113,7957.069
"Total","1989","1989","75-84 years","75-84",,,599206,9849910,6083.365
,"1989","1989","85+ years","85+","Female","F",307623,2136606,14397.741
,"1989","1989","85+ years","85+","Male","M",149735,831138,18015.660
"Total","1989","1989","85+ years","85+",,,457358,2967744,15410.965
,"1989","1989","Not Stated","NS","Female","F",157,Not Applicable,Not Applicable
,"1989","1989","Not Stated","NS","Male","M",405,Not Applicable,Not Applicable
"Total","1989","1989","Not Stated","NS",,,562,Not Applicable,Not Applicable
"Total","1989","1989",,,,,2150466,247001762,870.628
,"1990","1990","< 1 year","1","Female","F",16495,2028717,813.075
,"1990","1990","< 1 year","1","Male","M",21856,2129495,1026.347
"Total","1990","1990","< 1 year","1",,,38351,4158212,922.295
,"1990","1990","1-4 years","1-4","Female","F",2962,7231049,40.962
,"1990","1990","1-4 years","1-4","Male","M",3969,7580624,52.357
"Total","1990","1990","1-4 years","1-4",,,6931,14811673,46.794
,"1990","1990","5-9 years","5-9","Female","F",1632,8802747,18.540
,"1990","1990","5-9 years","5-9","Male","M",2363,9232031,25.596
"Total","1990","1990","5-9 years","5-9",,,3995,18034778,22.152
,"1990","1990","10-14 years","10-14","Female","F",1677,8321669,20.152
,"1990","1990","10-14 years","10-14","Male","M",2764,8738800,31.629
"Total","1990","1990","10-14 years","10-14",,,4441,17060469,26.031
,"1990","1990","15-19 years","15-19","Female","F",4040,8708877,46.389
,"1990","1990","15-19 years","15-19","Male","M",11671,9172834,127.234
"Total","1990","1990","15-19 years","15-19",,,15711,17881711,87.861
,"1990","1990","20-24 years","20-24","Female","F",4820,9389027,51.337
,"1990","1990","20-24 years","20-24","Male","M",16202,9742551,166.301
"Total","1990","1990","20-24 years","20-24",,,21022,19131578,109.881
,"1990","1990","25-34 years","25-34","Female","F",16034,21596410,74.244
,"1990","1990","25-34 years","25-34","Male","M",44057,21564316,204.305
"Total","1990","1990","25-34 years","25-34",,,60091,43160726,139.226
,"1990","1990","35-44 years","35-44","Female","F",26100,18925115,137.912
,"1990","1990","35-44 years","35-44","Male","M",57462,18509652,310.443
"Total","1990","1990","35-44 years","35-44",,,83562,37434767,223.220
,"1990","1990","45-54 years","45-54","Female","F",43954,12824349,342.739
,"1990","1990","45-54 years","45-54","Male","M",74654,12232301,610.302
"Total","1990","1990","45-54 years","45-54",,,118608,25056650,473.359
,"1990","1990","55-64 years","55-64","Female","F",98050,11157583,878.775
,"1990","1990","55-64 years","55-64","Male","M",154646,9955069,1553.440
"Total","1990","1990","55-64 years","55-64",,,252696,21112652,1196.894
,"1990","1990","65-74 years","65-74","Female","F",201882,10138681,1991.206
,"1990","1990","65-74 years","65-74","Male","M",276067,7906814,3491.507
"Total","1990","1990","65-74 years","65-74",,,477949,18045495,2648.578
,"1990","1990","75-84 years","75-84","Female","F",306033,6267250,4883.051
,"1990","1990","75-84 years","75-84","Male","M",295406,3744725,7888.590
"Total","1990","1990","75-84 years","75-84",,,601439,10011975,6007.196
,"1990","1990","85+ years","85+","Female","F",311208,2180198,14274.300
,"1990","1990","85+ years","85+","Male","M",151897,841227,18056.601
"Total","1990","1990","85+ years","85+",,,463105,3021425,15327.370
,"1990","1990","Not Stated","NS","Female","F",159,Not Applicable,Not Applicable
,"1990","1990","Not Stated","NS","Male","M",403,Not Applicable,Not Applicable
"Total","1990","1990","Not Stated","NS",,,562,Not Applicable,Not Applicable
"Total","1990","1990",,,,,2148463,248922111,863.107
,"1991","1991","< 1 year","1","Female","F",15758,2009389,784.218
,"1991","1991","< 1 year","1","Male","M",21008,2101518,999.658
"Total","1991","1991","< 1 year","1",,,36766,4110907,894.353
,"1991","1991","1-4 years","1-4","Female","F",3169,7423708,42.688
,"1991","1991","1-4 years","1-4","Male","M",4045,7780558,51.989
"Total","1991","1991","1-4 years","1-4",,,7214,15204266,47.447
,"1991","1991","5-9 years","5-9","Female","F",1634,8922051,18.314
,"1991","1991","5-9 years","5-9","Male","M",2292,9359079,24.490
"Total","1991","1991","5-9 years","5-9",,,3926,18281130,21.476
,"1991","1991","10-14 years","10-14","Female","F",1573,8658916,18.166
,"1991","1991","10-14 years","10-14","Male","M",2980,9097039,32.758
"Total","1991","1991","10-14 years","10-14",,,4553,17755955,25.642
,"1991","1991","15-19 years","15-19","Female","F",3955,8407309,47.042
,"1991","1991","15-19 years","15-19","Male","M",11358,8862971,128.151
"Total","1991","1991","15-19 years","15-19",,,15313,17270280,88.667
,"1991","1991","20-24 years","20-24","Female","F",4948,9451344,52.352
,"1991","1991","20-24 years","20-24","Male","M",16191,9783081,165.500
"Total","1991","1991","20-24 years","20-24",,,21139,19234425,109.902
,"1991","1991","25-34 years","25-34","Female","F",15919,21585110,73.750
,"1991","1991","25-34 years","25-34","Male","M",43709,21638892,201.993
"Total","1991","1991","25-34 years","25-34",,,59628,43224002,137.951
,"1991","1991","35-44 years","35-44","Female","F",27570,19861212,138.813
,"1991","1991","35-44 years","35-44","Male","M",60552,19468254,311.029
"Total","1991","1991","35-44 years","35-44",,,88122,39329466,224.061
,"1991","1991","45-54 years","45-54","Female","F",44648,13208754,338.018
,"1991","1991","45-54 years","45-54","Male","M",76028,12611398,602.851
"Total","1991","1991","45-54 years","45-54",,,120676,25820152,467.371
,"1991","1991","55-64 years","55-64","Female","F",96642,11089269,871.491
,"1991","1991","55-64 years","55-64","Male","M",151436,9956592,1520.962
"Total","1991","1991","55-64 years","55-64",,,248078,21045861,1178.750
,"1991","1991","65-74 years","65-74","Female","F",202780,10253227,1977.719
,"1991","1991","65-74 years","65-74","Male","M",275856,8040677,3430.756
"Total","1991","1991","65-74 years","65-74",,,478636,18293904,2616.369
,"1991","1991","75-84 years","75-84","Female","F",308540,6441707,4789.724
,"1991","1991","75-84 years","75-84","Male","M",298950,3886874,7691.271
"Total","1991","1991","75-84 years","75-84",,,607490,10328581,5881.640
,"1991","1991","85+ years","85+","Female","F",320578,2306135,13901.094
,"1991","1991","85+ years","85+","Male","M",156823,883004,17760.169
"Total","1991","1991","85+ years","85+",,,477401,3189139,14969.589
,"1991","1991","Not Stated","NS","Female","F",139,Not Applicable,Not Applicable
,"1991","1991","Not Stated","NS","Male","M",437,Not Applicable,Not Applicable
"Total","1991","1991","Not Stated","NS",,,576,Not Applicable,Not Applicable
"Total","1991","1991",,,,,2169518,253088068,857.219
,"1992","1992","< 1 year","1","Female","F",15083,1982917,760.647
,"1992","1992","< 1 year","1","Male","M",19545,2082097,938.717
"Total","1992","1992","< 1 year","1",,,34628,4065014,851.854
,"1992","1992","1-4 years","1-4","Female","F",2955,7595372,38.905
,"1992","1992","1-4 years","1-4","Male","M",3809,7959894,47.852
"Total","1992","1992","1-4 years","1-4",,,6764,15555266,43.484
,"1992","1992","5-9 years","5-9","Female","F",1508,8995027,16.765
,"1992","1992","5-9 years","5-9","Male","M",2231,9436077,23.643
"Total","1992","1992","5-9 years","5-9",,,3739,18431104,20.286
,"1992","1992","10-14 years","10-14","Female","F",1605,8897292,18.039
,"1992","1992","10-14 years","10-14","Male","M",2849,9348471,30.476
"Total","1992","1992","10-14 years","10-14",,,4454,18245763,24.411
,"1992","1992","15-19 years","15-19","Female","F",3664,8388570,43.678
,"1992","1992","15-19 years","15-19","Male","M",10747,8857670,121.330
"Total","1992","1992","15-19 years","15-19",,,14411,17246240,83.560
,"1992","1992","20-24 years","20-24","Female","F",4677,9416575,49.668
,"1992","1992","20-24 years","20-24","Male","M",15460,9771427,158.216
"Total","1992","1992","20-24 years","20-24",,,20137,19188002,104.946
,"1992","1992","25-34 years","25-34","Female","F",15586,21438678,72.700
,"1992","1992","25-34 years","25-34","Male","M",42895,21558292,198.972
"Total","1992","1992","25-34 years","25-34",,,58481,42996970,136.012
,"1992","1992","35-44 years","35-44","Female","F",28295,20173674,140.257
,"1992","1992","35-44 years","35-44","Male","M",62995,19802660,318.114
"Total","1992","1992","35-44 years","35-44",,,91290,39976334,228.360
,"1992","1992","45-54 years","45-54","Female","F",45759,14075709,325.092
,"1992","1992","45-54 years","45-54","Male","M",79271,13472009,588.413
"Total","1992","1992","45-54 years","45-54",,,125030,27547718,453.867
,"1992","1992","55-64 years","55-64","Female","F",94111,11040886,852.386
,"1992","1992","55-64 years","55-64","Male","M",146880,9957172,1475.118
"Total","1992","1992","55-64 years","55-64",,,240991,20998058,1147.682
,"1992","1992","65-74 years","65-74","Female","F",203751,10341223,1970.280
,"1992","1992","65-74 years","65-74","Male","M",274165,8144796,3366.137
"Total","1992","1992","65-74 years","65-74",,,477916,18486019,2585.284
,"1992","1992","75-84 years","75-84","Female","F",309955,6562650,4723.016
,"1992","1992","75-84 years","75-84","Male","M",299897,3992665,7511.199
"Total","1992","1992","75-84 years","75-84",,,609852,10555315,5777.677
,"1992","1992","85+ years","85+","Female","F",326210,2399037,13597.539
,"1992","1992","85+ years","85+","Male","M",161236,915623,17609.431
"Total","1992","1992","85+ years","85+",,,487446,3314660,14705.762
,"1992","1992","Not Stated","NS","Female","F",118,Not Applicable,Not Applicable
,"1992","1992","Not Stated","NS","Male","M",356,Not Applicable,Not Applicable
"Total","1992","1992","Not Stated","NS",,,474,Not Applicable,Not Applicable
"Total","1992","1992",,,,,2175613,256606463,847.840
,"1993","1993","< 1 year","1","Female","F",14507,1951379,743.423
,"1993","1993","< 1 year","1","Male","M",18959,2048861,925.343
"Total","1993","1993","< 1 year","1",,,33466,4000240,836.600
,"1993","1993","1-4 years","1-4","Female","F",3074,7733713,39.748
,"1993","1993","1-4 years","1-4","Male","M",3992,8101371,49.276
"Total","1993","1993","1-4 years","1-4",,,7066,15835084,44.622
,"1993","1993","5-9 years","5-9","Female","F",1715,9100328,18.845
,"1993","1993","5-9 years","5-9","Male","M",2203,9545628,23.079
"Total","1993","1993","5-9 years","5-9",,,3918,18645956,21.013
,"1993","1993","10-14 years","10-14","Female","F",1736,9128750,19.017
,"1993","1993","10-14 years","10-14","Male","M",3004,9592653,31.316
"Total","1993","1993","10-14 years","10-14",,,4740,18721403,25.319
,"1993","1993","15-19 years","15-19","Female","F",3834,8496137,45.126
,"1993","1993","15-19 years","15-19","Male","M",11163,8977716,124.341
"Total","1993","1993","15-19 years","15-19",,,14997,17473853,85.825
,"1993","1993","20-24 years","20-24","Female","F",4743,9327766,50.848
,"1993","1993","20-24 years","20-24","Male","M",15743,9662158,162.935
"Total","1993","1993","20-24 years","20-24",,,20486,18989924,107.878
,"1993","1993","25-34 years","25-34","Female","F",15958,21253390,75.084
,"1993","1993","25-34 years","25-34","Male","M",43687,21399006,204.154
"Total","1993","1993","25-34 years","25-34",,,59645,42652396,139.840
,"1993","1993","35-44 years","35-44","Female","F",29643,20635137,143.653
,"1993","1993","35-44 years","35-44","Male","M",66395,20276413,327.449
"Total","1993","1993","35-44 years","35-44",,,96038,40911550,234.745
,"1993","1993","45-54 years","45-54","Female","F",48367,14741971,328.090
,"1993","1993","45-54 years","45-54","Male","M",83448,14121978,590.909
"Total","1993","1993","45-54 years","45-54",,,131815,28863949,456.677
,"1993","1993","55-64 years","55-64","Female","F",94675,11036850,857.808
,"1993","1993","55-64 years","55-64","Male","M",146906,9991621,1470.292
"Total","1993","1993","55-64 years","55-64",,,241581,21028471,1148.828
,"1993","1993","65-74 years","65-74","Female","F",208213,10428798,1996.520
,"1993","1993","65-74 years","65-74","Male","M",279606,8263821,3383.495
"Total","1993","1993","65-74 years","65-74",,,487819,18692619,2609.688
,"1993","1993","75-84 years","75-84","Female","F",324479,6672781,4862.725
,"1993","1993","75-84 years","75-84","Male","M",313559,4090845,7664.896
"Total","1993","1993","75-84 years","75-84",,,638038,10763626,5927.724
,"1993","1993","85+ years","85+","Female","F",355659,2493627,14262.719
,"1993","1993","85+ years","85+","Male","M",172778,951939,18150.113
"Total","1993","1993","85+ years","85+",,,528437,3445566,15336.726
,"1993","1993","Not Stated","NS","Female","F",153,Not Applicable,Not Applicable
,"1993","1993","Not Stated","NS","Male","M",354,Not Applicable,Not Applicable
"Total","1993","1993","Not Stated","NS",,,507,Not Applicable,Not Applicable
"Total","1993","1993",,,,,2268553,260024637,872.438
,"1994","1994","< 1 year","1","Female","F",13896,1930178,719.934
,"1994","1994","< 1 year","1","Male","M",17814,2022589,880.752
"Total","1994","1994","< 1 year","1",,,31710,3952767,802.223
,"1994","1994","1-4 years","1-4","Female","F",2959,7782853,38.019
,"1994","1994","1-4 years","1-4","Male","M",3841,8156896,47.089
"Total","1994","1994","1-4 years","1-4",,,6800,15939749,42.661
,"1994","1994","5-9 years","5-9","Female","F",1561,9284531,16.813
,"1994","1994","5-9 years","5-9","Male","M",2186,9740148,22.443
"Total","1994","1994","5-9 years","5-9",,,3747,19024679,19.695
,"1994","1994","10-14 years","10-14","Female","F",1721,9265835,18.574
,"1994","1994","10-14 years","10-14","Male","M",2996,9735451,30.774
"Total","1994","1994","10-14 years","10-14",,,4717,19001286,24.825
,"1994","1994","15-19 years","15-19","Female","F",3840,8689030,44.194
,"1994","1994","15-19 years","15-19","Male","M",11444,9186779,124.570
"Total","1994","1994","15-19 years","15-19",,,15284,17875809,85.501
,"1994","1994","20-24 years","20-24","Female","F",4643,9167765,50.645
,"1994","1994","20-24 years","20-24","Male","M",15314,9488299,161.399
"Total","1994","1994","20-24 years","20-24",,,19957,18656064,106.973
,"1994","1994","25-34 years","25-34","Female","F",16093,21079959,76.343
,"1994","1994","25-34 years","25-34","Male","M",43180,21249595,203.204
"Total","1994","1994","25-34 years","25-34",,,59273,42329554,140.027
,"1994","1994","35-44 years","35-44","Female","F",30759,21083565,145.891
,"1994","1994","35-44 years","35-44","Male","M",68744,20735301,331.531
"Total","1994","1994","35-44 years","35-44",,,99503,41818866,237.938
,"1994","1994","45-54 years","45-54","Female","F",50438,15396122,327.602
,"1994","1994","45-54 years","45-54","Male","M",87459,14756639,592.676
"Total","1994","1994","45-54 years","45-54",,,137897,30152761,457.328
,"1994","1994","55-64 years","55-64","Female","F",92931,11088628,838.075
,"1994","1994","55-64 years","55-64","Male","M",144188,10070509,1431.785
"Total","1994","1994","55-64 years","55-64",,,237119,21159137,1120.646
,"1994","1994","65-74 years","65-74","Female","F",207430,10458903,1983.286
,"1994","1994","65-74 years","65-74","Male","M",276239,8330888,3315.841
"Total","1994","1994","65-74 years","65-74",,,483669,18789791,2574.105
,"1994","1994","75-84 years","75-84","Female","F",327285,6784095,4824.299
,"1994","1994","75-84 years","75-84","Male","M",312929,4195885,7457.998
"Total","1994","1994","75-84 years","75-84",,,640214,10979980,5830.739
,"1994","1994","85+ years","85+","Female","F",362588,2574808,14082.137
,"1994","1994","85+ years","85+","Male","M",176102,986224,17856.187
"Total","1994","1994","85+ years","85+",,,538690,3561032,15127.356
,"1994","1994","Not Stated","NS","Female","F",103,Not Applicable,Not Applicable
,"1994","1994","Not Stated","NS","Male","M",311,Not Applicable,Not Applicable
"Total","1994","1994","Not Stated","NS",,,414,Not Applicable,Not Applicable
"Total","1994","1994",,,,,2278994,263241475,865.743
,"1995","1995","< 1 year","1","Female","F",12961,1903234,680.999
,"1995","1995","< 1 year","1","Male","M",16622,1996355,832.617
"Total","1995","1995","< 1 year","1",,,29583,3899589,758.618
,"1995","1995","1-4 years","1-4","Female","F",2784,7731902,36.007
,"1995","1995","1-4 years","1-4","Male","M",3609,8103217,44.538
"Total","1995","1995","1-4 years","1-4",,,6393,15835119,40.372
,"1995","1995","5-9 years","5-9","Female","F",1568,9485029,16.531
,"1995","1995","5-9 years","5-9","Male","M",2212,9953142,22.224
"Total","1995","1995","5-9 years","5-9",,,3780,19438171,19.446
,"1995","1995","10-14 years","10-14","Female","F",1809,9366209,19.314
,"1995","1995","10-14 years","10-14","Male","M",3007,9840840,30.556
"Total","1995","1995","10-14 years","10-14",,,4816,19207049,25.074
,"1995","1995","15-19 years","15-19","Female","F",4021,8929131,45.032
,"1995","1995","15-19 years","15-19","Male","M",11068,9444867,117.185
"Total","1995","1995","15-19 years","15-19",,,15089,18373998,82.121
,"1995","1995","20-24 years","20-24","Female","F",4446,8985933,49.477
,"1995","1995","20-24 years","20-24","Male","M",14709,9314281,157.919
"Total","1995","1995","20-24 years","20-24",,,19155,18300214,104.671
,"1995","1995","25-34 years","25-34","Female","F",15919,20930892,76.055
,"1995","1995","25-34 years","25-34","Male","M",41826,21121231,198.028
"Total","1995","1995","25-34 years","25-34",,,57745,42052123,137.318
,"1995","1995","35-44 years","35-44","Female","F",32139,21521809,149.332
,"1995","1995","35-44 years","35-44","Male","M",70131,21188959,330.979
"Total","1995","1995","35-44 years","35-44",,,102270,42710768,239.448
,"1995","1995","45-54 years","45-54","Female","F",52078,16066641,324.137
,"1995","1995","45-54 years","45-54","Male","M",90922,15413598,589.882
"Total","1995","1995","45-54 years","45-54",,,143000,31480239,454.253
,"1995","1995","55-64 years","55-64","Female","F",93222,11161349,835.222
,"1995","1995","55-64 years","55-64","Male","M",142290,10158673,1400.675
"Total","1995","1995","55-64 years","55-64",,,235512,21320022,1104.652
,"1995","1995","65-74 years","65-74","Female","F",206889,10470931,1975.841
,"1995","1995","65-74 years","65-74","Male","M",274001,8395157,3263.798
"Total","1995","1995","65-74 years","65-74",,,480890,18866088,2548.965
,"1995","1995","75-84 years","75-84","Female","F",332769,6905925,4818.601
,"1995","1995","75-84 years","75-84","Male","M",319408,4316569,7399.581
"Total","1995","1995","75-84 years","75-84",,,652177,11222494,5811.337
,"1995","1995","85+ years","85+","Female","F",378436,2657136,14242.252
,"1995","1995","85+ years","85+","Male","M",182823,1023586,17861.030
"Total","1995","1995","85+ years","85+",,,561259,3680722,15248.612
,"1995","1995","Not Stated","NS","Female","F",132,Not Applicable,Not Applicable
,"1995","1995","Not Stated","NS","Male","M",331,Not Applicable,Not Applicable
"Total","1995","1995","Not Stated","NS",,,463,Not Applicable,Not Applicable
"Total","1995","1995",,,,,2312132,266386596,867.961
,"1996","1996","< 1 year","1","Female","F",12522,1901014,658.701
,"1996","1996","< 1 year","1","Male","M",15965,1990480,802.068
"Total","1996","1996","< 1 year","1",,,28487,3891494,732.032
,"1996","1996","1-4 years","1-4","Female","F",2599,7647897,33.983
,"1996","1996","1-4 years","1-4","Male","M",3349,8015376,41.782
"Total","1996","1996","1-4 years","1-4",,,5948,15663273,37.974
,"1996","1996","5-9 years","5-9","Female","F",1580,9691976,16.302
,"1996","1996","5-9 years","5-9","Male","M",2200,10168554,21.635
"Total","1996","1996","5-9 years","5-9",,,3780,19860530,19.033
,"1996","1996","10-14 years","10-14","Female","F",1747,9476625,18.435
,"1996","1996","10-14 years","10-14","Male","M",2803,9958484,28.147
"Total","1996","1996","10-14 years","10-14",,,4550,19435109,23.411
,"1996","1996","15-19 years","15-19","Female","F",3981,9193223,43.304
,"1996","1996","15-19 years","15-19","Male","M",10682,9726937,109.819
"Total","1996","1996","15-19 years","15-19",,,14663,18920160,77.499
,"1996","1996","20-24 years","20-24","Female","F",4149,8770360,47.307
,"1996","1996","20-24 years","20-24","Male","M",13631,9106285,149.688
"Total","1996","1996","20-24 years","20-24",,,17780,17876645,99.459
,"1996","1996","25-34 years","25-34","Female","F",15077,20804408,72.470
,"1996","1996","25-34 years","25-34","Male","M",36070,21004897,171.722
"Total","1996","1996","25-34 years","25-34",,,51147,41809305,122.334
,"1996","1996","35-44 years","35-44","Female","F",31729,21936508,144.640
,"1996","1996","35-44 years","35-44","Male","M",64304,21614755,297.500
"Total","1996","1996","35-44 years","35-44",,,96033,43551263,220.506
,"1996","1996","45-54 years","45-54","Female","F",53458,16734525,319.447
,"1996","1996","45-54 years","45-54","Male","M",90871,16065440,565.630
"Total","1996","1996","45-54 years","45-54",,,144329,32799965,440.028
,"1996","1996","55-64 years","55-64","Female","F",92555,11285267,820.140
,"1996","1996","55-64 years","55-64","Male","M",141170,10304719,1369.955
"Total","1996","1996","55-64 years","55-64",,,233725,21589986,1082.562
,"1996","1996","65-74 years","65-74","Female","F",204721,10426193,1963.526
,"1996","1996","65-74 years","65-74","Male","M",269173,8398295,3205.091
"Total","1996","1996","65-74 years","65-74",,,473894,18824488,2517.434
,"1996","1996","75-84 years","75-84","Female","F",338031,7057505,4789.667
,"1996","1996","75-84 years","75-84","Male","M",325259,4466164,7282.737
"Total","1996","1996","75-84 years","75-84",,,663290,11523669,5755.893
,"1996","1996","85+ years","85+","Female","F",388822,2734961,14216.729
,"1996","1996","85+ years","85+","Male","M",187719,1059931,17710.492
"Total","1996","1996","85+ years","85+",,,576541,3794892,15192.554
,"1996","1996","Not Stated","NS","Female","F",150,Not Applicable,Not Applicable
,"1996","1996","Not Stated","NS","Male","M",373,Not Applicable,Not Applicable
"Total","1996","1996","Not Stated","NS",,,523,Not Applicable,Not Applicable
"Total","1996","1996",,,,,2314690,269540779,858.753
,"1997","1997","< 1 year","1","Female","F",12257,1895298,646.706
,"1997","1997","< 1 year","1","Male","M",15788,1985596,795.127
"Total","1997","1997","< 1 year","1",,,28045,3880894,722.643
,"1997","1997","1-4 years","1-4","Female","F",2380,7557654,31.491
,"1997","1997","1-4 years","1-4","Male","M",3121,7923876,39.387
"Total","1997","1997","1-4 years","1-4",,,5501,15481530,35.533
,"1997","1997","5-9 years","5-9","Female","F",1600,9885415,16.185
,"1997","1997","5-9 years","5-9","Male","M",2045,10368617,19.723
"Total","1997","1997","5-9 years","5-9",,,3645,20254032,17.996
,"1997","1997","10-14 years","10-14","Female","F",1698,9557354,17.766
,"1997","1997","10-14 years","10-14","Male","M",2718,10043343,27.063
"Total","1997","1997","10-14 years","10-14",,,4416,19600697,22.530
,"1997","1997","15-19 years","15-19","Female","F",4007,9425166,42.514
,"1997","1997","15-19 years","15-19","Male","M",10265,9972525,102.933
"Total","1997","1997","15-19 years","15-19",,,14272,19397691,73.576
,"1997","1997","20-24 years","20-24","Female","F",4225,8780930,48.116
,"1997","1997","20-24 years","20-24","Male","M",13047,9129146,142.916
"Total","1997","1997","20-24 years","20-24",,,17272,17910076,96.437
,"1997","1997","25-34 years","25-34","Female","F",13831,20568783,67.243
,"1997","1997","25-34 years","25-34","Male","M",31707,20776180,152.612
"Total","1997","1997","25-34 years","25-34",,,45538,41344963,110.142
,"1997","1997","35-44 years","35-44","Female","F",31267,22266278,140.423
,"1997","1997","35-44 years","35-44","Male","M",58141,21962137,264.733
"Total","1997","1997","35-44 years","35-44",,,89408,44228415,202.151
,"1997","1997","45-54 years","45-54","Female","F",54295,17427695,311.544
,"1997","1997","45-54 years","45-54","Male","M",90587,16749813,540.824
"Total","1997","1997","45-54 years","45-54",,,144882,34177508,423.910
,"1997","1997","55-64 years","55-64","Female","F",93117,11534771,807.272
,"1997","1997","55-64 years","55-64","Male","M",138876,10564540,1314.548
"Total","1997","1997","55-64 years","55-64",,,231993,22099311,1049.775
,"1997","1997","65-74 years","65-74","Female","F",200399,10326142,1940.696
,"1997","1997","65-74 years","65-74","Male","M",263875,8357732,3157.256
"Total","1997","1997","65-74 years","65-74",,,464274,18683874,2484.892
,"1997","1997","75-84 years","75-84","Female","F",341139,7206897,4733.507
,"1997","1997","75-84 years","75-84","Male","M",329391,4605314,7152.411
"Total","1997","1997","75-84 years","75-84",,,670530,11812211,5676.583
,"1997","1997","85+ years","85+","Female","F",399907,2805297,14255.425
,"1997","1997","85+ years","85+","Male","M",194161,1100179,17648.128
"Total","1997","1997","85+ years","85+",,,594068,3905476,15211.155
,"1997","1997","Not Stated","NS","Female","F",84,Not Applicable,Not Applicable
,"1997","1997","Not Stated","NS","Male","M",317,Not Applicable,Not Applicable
"Total","1997","1997","Not Stated","NS",,,401,Not Applicable,Not Applicable
"Total","1997","1997",,,,,2314245,272776678,848.403
,"1998","1998","< 1 year","1","Female","F",12585,1925348,653.648
,"1998","1998","< 1 year","1","Male","M",15786,2016205,782.956
"Total","1998","1998","< 1 year","1",,,28371,3941553,719.792
,"1998","1998","1-4 years","1-4","Female","F",2331,7513485,31.024
,"1998","1998","1-4 years","1-4","Male","M",2920,7868629,37.109
"Total","1998","1998","1-4 years","1-4",,,5251,15382114,34.137
,"1998","1998","5-9 years","5-9","Female","F",1492,10006536,14.910
,"1998","1998","5-9 years","5-9","Male","M",2038,10503792,19.403
"Total","1998","1998","5-9 years","5-9",,,3530,20510328,17.211
,"1998","1998","10-14 years","10-14","Female","F",1613,9666862,16.686
,"1998","1998","10-14 years","10-14","Male","M",2648,10158319,26.067
"Total","1998","1998","10-14 years","10-14",,,4261,19825181,21.493
,"1998","1998","15-19 years","15-19","Female","F",3875,9640995,40.193
,"1998","1998","15-19 years","15-19","Male","M",9913,10198737,97.198
"Total","1998","1998","15-19 years","15-19",,,13788,19839732,69.497
,"1998","1998","20-24 years","20-24","Female","F",4035,8901215,45.331
,"1998","1998","20-24 years","20-24","Male","M",12804,9265888,138.184
"Total","1998","1998","20-24 years","20-24",,,16839,18167103,92.690
,"1998","1998","25-34 years","25-34","Female","F",13301,20266518,65.630
,"1998","1998","25-34 years","25-34","Male","M",29215,20489994,142.582
"Total","1998","1998","25-34 years","25-34",,,42516,40756512,104.317
,"1998","1998","35-44 years","35-44","Female","F",31727,22516774,140.904
,"1998","1998","35-44 years","35-44","Male","M",57139,22231580,257.017
"Total","1998","1998","35-44 years","35-44",,,88866,44748354,198.591
,"1998","1998","45-54 years","45-54","Female","F",54752,17958691,304.877
,"1998","1998","45-54 years","45-54","Male","M",91727,17273166,531.038
"Total","1998","1998","45-54 years","45-54",,,146479,35231857,415.757
,"1998","1998","55-64 years","55-64","Female","F",93590,11989847,780.577
,"1998","1998","55-64 years","55-64","Male","M",140134,11021108,1271.506
"Total","1998","1998","55-64 years","55-64",,,233724,23010955,1015.708
,"1998","1998","65-74 years","65-74","Female","F",199639,10236956,1950.179
,"1998","1998","65-74 years","65-74","Male","M",259343,8333291,3112.132
"Total","1998","1998","65-74 years","65-74",,,458982,18570247,2471.599
,"1998","1998","75-84 years","75-84","Female","F",347451,7306166,4755.586
,"1998","1998","75-84 years","75-84","Male","M",334212,4710211,7095.478
"Total","1998","1998","75-84 years","75-84",,,681663,12016377,5672.783
,"1998","1998","85+ years","85+","Female","F",413518,2885710,14329.853
,"1998","1998","85+ years","85+","Male","M",199057,1146825,17357.225
"Total","1998","1998","85+ years","85+",,,612575,4032535,15190.817
,"1998","1998","Not Stated","NS","Female","F",87,Not Applicable,Not Applicable
,"1998","1998","Not Stated","NS","Male","M",324,Not Applicable,Not Applicable
"Total","1998","1998","Not Stated","NS",,,411,Not Applicable,Not Applicable
"Total","1998","1998",,,,,2337256,276032848,846.731
"Total",,,,,,,42868083,4961016600,864.099
"---"
"Dataset: Compressed Mortality, 1979-1998"
"Query Parameters:"
"Group By: Year; Age Group; Sex"
"Show Totals: True"
"Show Zero Values: True"
"Show Suppressed: True"
"Calculate Rates Per: 100,000"
"---"
"Help: See http://wonder.cdc.gov/wonder/help/cmf.html for more information."
"---"
"Query Date: Jun 27, 2026 5:59:35 AM"
"---"
"Suggested Citation: Centers for Disease Control and Prevention, National Center for Health Statistics. National Vital Statistics"
"System, Mortality: Compressed Mortality File 1979-1998. CDC WONDER On-line Database, compiled from Compressed Mortality File CMF"
"1968-1988, Series 20, No. 2A, 2000 and CMF 1989-1998, Series 20, No. 2E, 2003. Accessed at http://wonder.cdc.gov/cmf-icd9.html"
"on Jun 27, 2026 5:59:35 AM"
"---"
Caveats:
"1. The population figures used in the calculation of death rates for the age group 'under 1 year' are the live births for the"
"given time period. More information: http://wonder.cdc.gov/wonder/help/cmf.html#Age Group."
"2. Population figures in this table for 1979 and 1981-89 are intercensal estimates of the July 1 resident population of the"
"United States. Note that the state and county population estimates for these years are not consistent with national estimates."
"The population figures in this table for 1980 and 1990 are modified age-race-sex (MARS) April 1 census counts. The population"
"figures for 1991-98 are bridged-race intercensal estimates of the July 1 resident population."
"3. Deaths of persons with Age ""Not Stated"" are included in ""All"" counts and rates, but are not distributed among age groups,"
"so are not included in age-specific counts, age-specific rates or in any age-adjusted rates. More information:"
"http://wonder.cdc.gov/wonder/help/cmf.html#Not Stated."